id,severity,category,file_line,summary,failure_scenario,evidence_label,evidence_ref,recommendation,effort,legacy,duplicate_of,source
C-01,P0-correctness,physics/properties,"src/global_properties.cpp:177-192; src/property_registry.cpp:160-171; src/force.cpp:157; consumed at src/cohesion_model_generalized_adhesion.h:106, src/cohesion_model_sjkr.h:106, src/cohesion_model_easo_capillary_viscous.h:217, src/normal_model_hertz.h:231-238","Time-varying v_ values of fix property/global never reach the contact models during a run: every contact model reads a MatrixProperty snapshot copied at Force::init(); FixPropertyGlobal::update_variable_values() only rewrites the fix's own array. Derived tables (betaeff, CoeffRestLog, Yeff, Geff) are also frozen.","chute_wear_hpc (run 1 then run 100000 upto) declares coefficientRestitution/coefficientFriction/adhesionEnergy = v_ every 1000, yet all 100000 steps use the step-1 values. Two-sphere test: adhesionEnergy 0->1e4 and e 0.9->0.3 at step 50: fx[1] stays -0.01558040774 N for the whole run and only changes to -0.02424977243 N (analytic value) after a new run command.",measured,audit/cases/contact/var_snapshot/in.var_snapshot + log.var_snapshot (lmp_release),"Either (a) add a registry refresh hook: FixPropertyGlobal::update_variable_values() -> force->registry invalidates only the affected MatrixProperty and dependent derived properties, then re-connects (models keep double** into stable storage, so refresh in place, not realloc); or (b) hard-error when a v_ value feeds a contact-model property until (a) exists. Add a regression test equal to var_snapshot. Decide and document mid-contact energy policy (stiffness change during contact injects/removes elastic energy).",M,n,,contact
F-01,P0-correctness,physics/properties,"src/fix_property_global.cpp:408-493; src/global_properties.cpp:177-220,480-550; src/property_registry.cpp:139-175; src/force.cpp:157","v_-driven fix property/global values are re-evaluated every N steps but never reach contact models during a run: the registry copies coefficients (Yeff, Geff, betaeff, coeffRestLog, coeffFrict, cohesion/adhesion/surface energy) once per run at Force::init",Deck with coefficientRestitution v_e (e: 0.9 -> 0.5 at t=0.05 s) keeps e=0.9 for the rest of the run; chute_wear_hpc prints decaying v_cor/v_mu/v_adh in thermo while the model uses frozen values; fix check/timestep/gran and mesh k_finnie (raw pointers) do see updates -> inconsistent state,measured,"audit/cases/fixes/in.prop_propagation(+_split); audit/logs/fixes/log.prop_every1, log.prop_split; audit/scripts/fixes/parse_bounces.py","Either (a) make update_variable_values() mark the registry dirty and re-run creators for affected properties (and re-connect pointers) before the next pair compute, or (b) error at init if a v_ entry feeds a registry property until (a) exists. Document the energy consequences of stiffness changes for existing contacts (history spring stores displacement).",M,n,C-01,fixes
F-02,P0-correctness,MPI/neighbor,"src/fix_adapt_liggghts.cpp:133-177,216-223; src/neighbor.cpp:1367-1370","Neighbor::trigger_build() is rank-local: fix adapt/liggghts sets force_rebuild from a per-rank max growth without MPI_Allreduce, so decide() returns different values on different ranks -> ranks enter exchange/borders vs forward_comm -> deadlock","2 ranks, rank 1 owns no particles (normal for DEM insertion), radius growth >= skin/2 per application: run hangs after step 10 until killed; identical deck with atoms on both ranks finishes in 0.8 ms",measured,"audit/cases/fixes/in.adapt_rank_divergence, in.adapt_rank_divergence_control; audit/logs/fixes/adapt_rank_divergence_np2.out, adapt_rank_divergence_control_np2.log",MPI_Allreduce(MAX) the growth in FixAdaptLiggghts::apply() before calling trigger_build(); additionally make Neighbor::decide() reduce force_rebuild (MPI_MAX) or document that trigger_build() must be called collectively.,S,n,,fixes
F-03,P0-correctness,physics/neighbor,"src/fix_adapt_liggghts.cpp (no max_rad/use_rad_for_cut_neigh_and_ghost); src/pair_gran.cpp:536-572,630; src/fix.h:249-250",Radius growth beyond the run-init maximum radius is invisible to bins/stencils/ghost cutoff (cutneighmax from maxrad_dynamic at init); rebuilds do not help -> contacts silently missed,"Two spheres 5 mm apart grow r 1->3 mm (1 mm overlap): zero force, zero KE, 7 rebuilds; in parallel the ghost shell is also too thin",measured,audit/cases/fixes/in.adapt_cutoff_stale; audit/logs/fixes/adapt_cutoff_stale.log,Require a max_radius keyword (or evaluate the variable bound) and implement use_rad_for_cut_neigh_and_ghost()/max_rad(type) so PairGran::init_style sizes cutneighmax/cutghost; error at runtime if any radius exceeds it.,M,n,,fixes
F-06,P0-correctness,physics/nonspherical,"src/fix_adapt_liggghts.cpp:155-161,187-198; src/atom_vec_superquadric.cpp:86-90","For shape/volume/inertia atoms (superquadric) inertia is overwritten with the ellipsoid formula 0.2 m(b^2+c^2) (wrong unless blockiness=2), atom->area is not rescaled, and superquadric AtomVec keeps radvary=0 so ghost radius/shape are not forward-communicated","Superquadric (cube-like, blockiness 8) with fix adapt/liggghts: moment of inertia wrong by ~35-60 %, rotational dynamics silently wrong; ghost shape stale until reneighbor",measured (via V-15),src/fix_adapt_liggghts.cpp:187-198; audit/logs/vv/c10_vv7_sq.json,"Reject superquadric/multisphere at init until supported, or compute inertia/area via MathExtraLiggghtsNonspherical superquadric routines and implement radvary forward comm for AtomVecSuperquadric.",M,n,,fixes
S-01,P0-correctness,material-properties,"src/property_registry.cpp:160-171; src/global_properties.cpp:177-193,419-551; src/pair_gran_base.h:134; src/fix_property_global.cpp (update_variable_values)",v_-driven fix property/global values update FixPropertyGlobal::values but contact models read MatrixProperty copies built once at connect/init,User ramps coefficientFriction or coefficientRestitution via v_mu with 'every N'; pair/wall models keep the run-start value for the whole run with no warning; only raw get_array() consumers (e.g. k_finnie) see changes -> inconsistent silent physics,CODE,inspection; LAMMPS fix_adapt.cpp:892-897 calls pair->reinit() (https://github.com/lammps/lammps/blob/develop/src/fix_adapt.cpp),Add PropertyRegistry::refresh(source) with creator dependency lists regenerating matrices in place; call from FixPropertyGlobal::update_variable_values(); unify clamp with createCoeffRest 0.05<e<=1; V&V V-C1 friction ramp Ft/Fn==mu(t) to 1e-12 on 1 and 4 ranks,S,n,C-01,sota
S-02,P0-correctness,mpi/neighbor,"src/fix_adapt_liggghts.cpp:216-222; src/neighbor.cpp:1367-1370,1386,1473",trigger_build() sets a rank-local flag; max_radius_growth never Allreduced; decide() returns 1 only on some ranks,"Radius growth >= skin/2 in one subdomain: that rank rebuilds/exchanges while others call check_distance MPI_Allreduce or skip -> mismatched collectives, MPI hang or corrupted ghost state",CODE,inspection; LAMMPS fix pour/deposit use next_reneighbor identical on all ranks,MPI_Allreduce(MAX) growth; set force_reneighbor=1 and next_reneighbor=ntimestep+1 (existing hook neighbor.cpp:1360-1363); delete trigger_build; V&V V-C2 growth confined to 1 of 4 ranks completes with contact list == 1-rank,S,n,F-02,sota
V-15,P0-correctness,physics/nonspherical,src/fix_adapt_liggghts.cpp:187-198,"Confirms F-06 by measurement: a no-op fix adapt/liggghts radius on a free superquadric (blockiness 8, a=b=c=1 mm) raises omega from 10 to 15.597 rad/s (x1.56 = I_true/I_ellipsoid, predicted 1.556) at constant angular momentum","Any superquadric run with fix adapt/liggghts: spin, rotational energy and all torque-driven dynamics wrong by up to ~60%",measured,audit/logs/vv/c10_vv7_sq.json,Rescale the stored inertia by (scale^2 * mass ratio) instead of recomputing with the ellipsoid formula,S,n,F-06,vv
C-14,P0-correctness,rolling model,"src/rolling_model_luding.h:69,241,269,358","[LEGACY] Luding rolling/torsion: pair branch passes r_torque (not r_tor_torque) to calcTorTorque, overwriting the rolling torque with the torsion torque; calcTorTorque and surfacesClose use history_offset (rolling spring slots) instead of history_offset+3, so rolling and torsion springs alias one history; 6th history value is named 'r_tor_torquey_old' twice.","rolling_friction luding torsion on, two spheres rolling and twisting: rolling resistance replaced by torsion resistance, springs corrupt each other; wrong angle of repose with no error.",measured (via V-12),see file_line (compare line 162 which passes r_tor_torque correctly); audit/logs/vv/c10_rolling_luding.json; audit/cases/vv/c10_rolling_luding/asan_*/out.deck,Pass r_tor_torque at :241; use &contact_history[history_offset+3] for torsion; rename the 6th value; add a torsion-only and rolling-only unit test.,S,y,,contact
C-15,P0-correctness,rolling model/memory,"src/rolling_model_luding.h:70-71,315-316,361-362; src/style_contact_model.whitelist (HOOKE*,ROLLING_LUDING entries)","[LEGACY] kc_offset/fo_offset come from get_history_offset() and are -1 unless the normal model is luding or edinburgh/stiffness; they are dereferenced unchecked (contact_history[-1]). All 4 ROLLING_LUDING entries in the whitelist pair it with hooke or hooke/stiffness; none with normal model luding, i.e. every compiled rolling-luding combination hits this path.",pair_style gran model hooke tangential history rolling_friction luding: out-of-bounds read of the neighbour's history -> garbage kc/f_adh in the rolling torque limit; UB (ASan should flag heap-buffer-overflow for the first slot).,verified by code inspection,see file_line; ASan confirmation requested (contact_vv_requests.md V-10),"error->all in postSettings when either offset is -1, or treat as kc=f_adh=0; replace those whitelist entries by LUDING/EDINBURGH_STIFFNESS normal-model combinations.",S,y,,contact
F-18,P0-correctness,integration/CFD,"src/fix_nve_asphere_base.cpp:268-274,355-358,563-566; src/fix_cfd_coupling_force.cpp:253-267","fix_hdtorque_->array_atom is dereferenced whenever couple/cfd/force/implicit exists, but fix_hdtorque_ is only created when use_torque is set -> NULL dereference before the new scheme-4 check can fire (all schemes)",nve/superquadric + couple/cfd/force/implicit without torque: segfault at first step,verified by code inspection,src/fix_cfd_coupling_force.cpp:253-267,Check the FixPropertyAtom pointers (not only their arrays) before dereferencing; move array lookup to init() with collective errors.,S,y,,fixes
K-02,P0-correctness,robustness,src/normal_model_thornton_ning.h,[LEGACY] thornton_ning with the generic parameter set of the tests/kernel model matrix segfaults in Neighbor::bin_atoms (particles blown out of the domain),A thornton_ning deck crashes with SIGSEGV instead of a clean error; likely a non-finite position from an unstable parameter combination that is not caught,measured,audit/fixes/phaseC/kernel/REPORT.md,"Add a finite-position check (error->all with atom id) before binning; validate thornton_ning inputs (yieldRatio, surfaceEnergy) against the model's stability range",S,y,,phaseC
P0-12,P0-correctness,UB/initialization,src/domain.cpp:177; src/lattice.cpp:89; src/lammps.cpp:629 vs 641,"The Domain constructor calls set_lattice(), and the Lattice constructor then calls force->numeric() before LAMMPS::force has been created, which happens later at lammps.cpp:641. The member read is uninitialized. It works only because Force::numeric does not touch `this` on valid input.","UBSan reports a misaligned member call on 0xbebebebe... at startup, on every run and every rank. With -fsanitize=vptr the process SEGVs before reading input. A different compiler or optimization level could crash here.",measured,audit/logs/asan/*.run.out (first UBSan report); audit/logs/asan_smoke_summary.txt,"Parse the default lattice value with atof/utils::numeric, not through `force`, or create Force before Domain. This is the same fix as upstream LAMMPS.",S,y,,phase0
V-12,P0-correctness,rolling model,"src/rolling_model_luding.h:241,269,315-316,358-362","Confirms C-14 (torque) and C-15 (memory) by measurement: with torsion on, a pure rolling spin loses the rolling dashpot torque (0.2550 vs 0.2575 Tmax before saturation); combined rolling+twist is limited jointly to |T|=1.000 Tmax instead of sqrt(2) Tmax (each component 29% low) because both springs share history slots; ASan reports heap-buffer-overflow at rolling_model_luding.h:315 (contact_history[-1]) for tangential no_history and history; release = baseline (legacy)",Any HOOKE*/ROLLING_LUDING simulation: wrong rolling/twisting resistance and undefined behaviour (garbage kc/f_adh in the Coulomb limit depending on heap layout),measured,audit/logs/vv/c10_rolling_luding.json; audit/cases/vv/c10_rolling_luding/asan_*/out.deck,Use r_tor_torque and history_offset+3 in calcTorTorque; guard kc_offset/fo_offset (0 if absent); remove ROLLING_LUDING whitelist entries until fixed,S,y,C-14,vv
C-02,P1-build,build/dispatch,"src/CMakeLists.txt:96-130,318; src/cMake/Model.cmake:5-30; src/contact_models.h (fallback removed at old :271-485); src/granular_styles.h:107","With the fallback removed, the CMake build with default ENABLE_MODEL_* options compiles only 4 combinations (HERTZ x {history,no_history} x {sjkr,sjkr2} x epsd2 x default) because COHESION_OFF and ROLLING_OFF default to OFF. Every one of the 26 distinct contact selections in examples/ tests/ benchmarks/ is missing from it and now hard-errors (previously ran on the fallback with a warning). No ENABLE_MODEL_COHESION_GENERALIZED_ADHESION option exists, so the new cohesion model cannot be enabled through CMake at all.","A user who follows the documented CMake route (doc/Section_start.txt) and runs any tutorial, e.g. 'pair_style gran model hertz tangential history', gets 'Granular contact model combination is not compiled into the static contact-model whitelist' at the pair_style line.",measured,audit/logs/build_release.cmake_generated_style_contact_model.h (4 lines); audit/logs/contact_deck_whitelist.txt (26/26 missing); audit/cases/contact/whitelist_fallback/log.lmp_release.fallback,"Restore the dynamic fallback (it costs ~41 kB text in lammps.cpp.o, measured 3.18->3.24 MB with 4 extra combos) behind a warning, or at minimum: default COHESION_OFF/ROLLING_OFF/TANGENTIAL_OFF ON, add ENABLE_MODEL_COHESION_GENERALIZED_ADHESION, and make CMake consume style_contact_model.whitelist + _user.whitelist instead of a blind cross product. Reference: LAMMPS pair granular composes sub-models at run time with no whitelist.",S,n,P0-01,contact
C-03,P1-build,build/reproducibility,src/style_contact_model.whitelist (untracked); src/.gitignore:2,"The 124-entry whitelist that adds the generalized_adhesion combinations is not under version control (git-ignored by 'style_*'), so the modification is not reproducible from the repository: a fresh clone regenerates or lacks it.","Colleague clones branch modernization/baseline-vv, builds with Make.sh or CMake, runs chute_wear_hpc: 'cohesion generalized_adhesion' combination missing -> hard error (or silently different combination set depending on Make.sh auto-generation limits).",measured,git ls-files src/style_contact_model.whitelist (empty); git check-ignore -v -> src/.gitignore:2,Track the whitelist (or a curated style_contact_model_user.whitelist) explicitly with a .gitignore negation rule; generate style_contact_model.h from it in both Make.sh and CMake; add a CI job that builds from a clean clone and runs every example's pair_style line with 'run 0'.,S,n,P0-03,contact
C-05,P1-build,testing,tests/regression/in.asphere_scheme4_requires_implicit:27; src/style_contact_model.whitelist,"The branch's own negative regression test selects HERTZ,TANGENTIAL_HISTORY,COHESION_OFF,ROLLING_EPSD2,SURFACE_SUPERQUADRIC, which is in neither whitelist. It will abort at pair_style with the whitelist error and never reach the asserted 'integration_scheme 4 requires fix couple/cfd/force/implicit' message. Same for examples superquadric/in.particle_particle and hydrogel_multicontact/in.hydrogel_multicontact.",CI greps for 'ERROR' only -> test passes for the wrong reason; a grep for the specific message fails.,measured,audit/logs/contact_deck_whitelist.txt,"Add the combination to the tracked whitelist, and make regression tests assert the exact expected error text.",S,n,P0-04,contact
F-15,P1-performance,integration/dead-code,"src/aligned_particle_soa.h:109-194; src/fix_nve.cpp:98-111,158-171","SoA path (off by default) triples memory traffic per half-step (AoS->SoA->AoS copies incl. unused x in final_integrate), kernels are not vectorized (mask branch), and only plain fix nve uses it (DEM uses nve/sphere) -> no achievable benefit",Enabling LIGGGHTS_USE_SOA_NVE slows fix nve and does nothing for granular runs,measured,audit/scripts/fixes/soa_vectorization.out,"Delete aligned_particle_soa.h, FixNVE::soa_ and the #ifdef branches (report 14.1); if SoA is pursued, do it at AtomVec level with persistent storage (Cabana AoSoA as reference).",S,n,,fixes
F-25,P1-performance,io/hdf5,"src/dump_hdf5.cpp:143-151,260,266-313; src/dump_mesh_hdf5.cpp:338-346,414",XDMF sidecar rewritten in full at every dump (O(N^2) bytes) and HDF5 file re-opened collectively per dump,chute_wear (2000 dumps) writes ~2.6 GB of XDMF text on rank 0 over the run,measured (via PF-02),examples/.../chute_wear/post/chute_particles.h5.xdmf (1.28 kB per grid); audit/logs/perf/t4c_io.jsonl (xdmf_growth rows); audit/plots/perf/xdmf_growth.png; audit/logs/perf/profiles/summary.md,Append grids incrementally (seek before closing tags) or write the XDMF once at the end/at checkpoints; keep the file open between dumps (H5Fflush).,S,n,,fixes
F-26,P1-build,build,"src/MAKE/Makefile.hdf5mpi:9-15,44-50; src/dump_hdf5.cpp:13-16",HDF5 support only via a Makefile with hard-coded OpenMPI include/lib paths and -march=native; no CMake option; no H5_HAVE_PARALLEL guard (serial HDF5 fails to compile/link obscurely),Build on a cluster with MPICH or serial HDF5 fails; binaries not portable across CPUs,measured (via P0-09),src/MAKE/Makefile.hdf5mpi; audit/scripts/build_variant.sh (CMAKE_CXX_FLAGS / CMAKE_CXX_STANDARD_LIBRARIES injection),Add a CMake option LIGGGHTS_ENABLE_HDF5 using find_package(HDF5 COMPONENTS C) and HDF5_IS_PARALLEL; #error or serial fallback when !H5_HAVE_PARALLEL.,S,n,,fixes
P0-01,P1-build,build/whitelist,"src/cMake/Model.cmake:5-30; src/CMakeLists.txt:95-140,305; src/contact_models.h (fallback specialization removed, was HEAD:contact_models.h:272)","A default CMake configure generates a 4-entry contact-model whitelist (HERTZ x {TANGENTIAL_HISTORY,NO_HISTORY} x {SJKR,SJKR2} x EPSD2 x DEFAULT) with no COHESION_OFF/ROLLING_OFF entry. Now that the GranStyle<> fallback is gone, the default CMake binary rejects even 'model hertz tangential history'.","A user builds with plain `cmake ../src && make`, and 19 of 23 shipped Tutorials_public decks abort at pair_style with 'not compiled into the static contact-model whitelist'. The same CMake configuration at HEAD runs 18 of 23, because HEAD still has the fallback.",measured,audit/logs/examples_lmp_cmakedefault.csv; audit/logs/examples_lmp_baseline_cmakedefault.csv; audit/logs/build_release.cmake_generated_style_contact_model.h,"Make WRITE_WHITELIST always add the *_OFF entries (Make.sh does this: tangential/cohesion/rolling OFF are prepended). Better, have CMake take its list from a tracked whitelist file or from genAutoExamplesWhitelist.sh. Or restore the fallback behind an opt-in option such as LIGGGHTS_ALLOW_SLOW_FALLBACK. Add a CI job that runs every example deck on the CMake-default binary.",S,n,,phase0
P0-02,P1-build,build/whitelist,src/pair_gran_proxy.cpp:76; audit/scripts/whitelist_modified.h (copy of untracked src/style_contact_model.h),"Even with the curated 124-entry whitelist the branch was built with, the combination (HERTZ, TANGENTIAL_HISTORY, COHESION_OFF, ROLLING_OFF, SURFACE_MULTICONTACT) is missing. The shipped deck hydrogel_multicontact/in.hydrogel_multicontact ran at HEAD through the fallback and now hard-errors.","Running examples/LIGGGHTS/Tutorials_public/hydrogel_multicontact/in.hydrogel_multicontact on the modified build aborts at pair_style. At baseline it ran, with an 'unoptimized version' warning.",measured,audit/logs/example_matrix.csv; audit/cases/whitelist/lmp_release/hydrogel_multicontact__in.hydrogel_multicontact/run.out,Add the combination to the whitelist. Regenerate the whitelist from all shipped examples (src/genAutoExamplesWhitelist.sh) and check it in CI (§14.3 of the report).,S,n,,phase0
P0-03,P1-build,build/reproducibility,src/.gitignore:2 (style_*); src/style_contact_model.whitelist (untracked),"The whitelist that defines which contact models a binary supports is ignored by git through the style_* pattern, so it is not version-controlled. Make.sh uses it when it exists and otherwise generates all combinations. CMake ignores it and emits 4 combinations. The same commit can therefore give binaries with 4, 124 or about 1200 supported combinations.","A fresh clone or a CI build produces a binary that supports different input decks from the developer's binary. Now that the fallback is gone, this appears as hard errors on decks that 'worked on my machine'.",measured (via C-03),git check-ignore -v src/style_contact_model.whitelist; src/Make.sh:143-220; audit/logs/build_*.cmake_generated_style_contact_model.h; git ls-files src/style_contact_model.whitelist (empty); git check-ignore -v -> src/.gitignore:2,"Track a canonical whitelist file under a non-ignored name, such as src/contact_model_whitelist.txt, and make both CMake and Make read it.",S,n,,phase0
P0-04,P1-build,testing,"tests/regression/in.asphere_scheme4_requires_implicit:26,31","The only regression deck cannot reach the error it is meant to test. (a) atom_style superquadric needs an ENABLE_SQ (Boost) build. (b) Its pair_style combination (HERTZ,TH,OFF,EPSD2,SUPERQUADRIC) is not whitelisted, so it stops at the whitelist error. (c) `set atom 1 type 2` leaves no type-1 atom, which gives 'Atom types must start from 1'. With (b) and (c) fixed in a copy, the expected error is produced.","A CI job that greps for 'integration_scheme 4 requires' always fails, or passes on the wrong error if it only checks for a non-zero exit code. The negative test gives false confidence.",measured,audit/cases/regression/run_lmp_sq.out; audit/cases/regression/in.scheme4_whitelisted_combo; audit/cases/regression/run_lmp_sq_whitelisted.out,"Use a whitelisted combination, such as hooke/tangential history/surface superquadric, or whitelist the one the deck uses. Use type 1. Add a runner that checks for the exact expected message. Document that the test needs ENABLE_SQ.",S,n,,phase0
P0-05,P1-build,testing,examples/LIGGGHTS/Tutorials_public/superquadric/in.particle_particle,"The superquadric tutorial uses (HERTZ,TH,OFF,EPSD2,SUPERQUADRIC). That combination is not in the curated whitelist, so the deck hard-errors even on an ENABLE_SQ build.",Running the shipped superquadric example on an SQ build aborts at pair_style with the whitelist error.,measured,audit/cases/regression/sq_example/log.liggghts,Add the combination to the whitelist. Include the superquadric decks in the example CI job for SQ builds.,S,n,,phase0
P0-07,P1-build,build,src/CMakeLists.txt:308-312,"GET_SUBDIRS runs add_subdirectory on every subdirectory that has a CMakeLists.txt, including src/GPU_DEM. A CPU-only CMake configure therefore also configures the GPU scaffold. (The GPU code itself was not reviewed; it is out of scope.)",A machine without a CUDA toolchain may fail or slow down the CPU configure because of an unrelated component. The audit excluded GPU_DEM by building from a snapshot copy.,verified by code inspection,src/CMakeLists.txt:308; src/GPU_DEM/CMakeLists.txt exists,Put the GPU subproject behind an explicit option(ENABLE_GPU_DEM OFF).,S,n,,phase0
P0-11,P1-performance,architecture/SoA,"src/fix_nve.cpp:98-111,158-170; src/fix_nve_sphere.cpp:138,208","The LIGGGHTS_USE_SOA_NVE path exists only in FixNVE::initial_integrate/final_integrate. FixNVESphere, which every granular tutorial uses (19 nve/sphere, 0 plain nve), overrides both methods. No shipped granular deck can exercise the SoA code.",Benchmarks of lmp_soa against lmp_release on the shipped decks measure nothing: the output is identical and the SoA code never runs. Any claimed SoA gain would be an artifact.,verified by code inspection,audit/cases/smoke/*packing*/log.liggghts (identical thermo); grep of fix styles in examples,"Decide what §14.1 of the report asks: port the SoA path to nve/sphere, or delete it. Until then, any SoA benchmark must use `fix nve`.",M,n,F-15,phase0
PF-01,P1-performance,integration/SoA,"src/aligned_particle_soa.h:109-194; src/fix_nve.cpp:98-111,158-171","LIGGGHTS_USE_SOA_NVE makes fix nve 5.7x slower in situ (205k atoms: 8.54 +- 0.56 s vs 1.50 +- 0.11 s, paired ratio 5.70 +- 0.42, n=6) and 3.0x on a contact bed; AoS<->SoA copies are 72-91 % of the path; SoA kernels alone are only 10-20 % faster than the whole AoS loop",Anyone enabling the macro for 'SIMD' gets a slower integrator; DEM decks (nve/sphere) never use it,measured,"audit/logs/perf/t3_soa_gas205k, t3_soa_bed25k_nve, soa_micro.txt; audit/scripts/perf/soa_micro.cpp",Delete ParticleSoA/soa_ member/sync stubs (S-14); for SIMD use the dbl3_t cast idiom inside nve/sphere,S,n,F-15,perf
PF-02,P1-performance,io/hdf5,"src/dump_hdf5.cpp:143-151,260,266-313","Confirms F-25 by measurement: per-dump wall time of dump hdf5 grows linearly with dump index (0.9-1.0 ms at dump 100 -> 20-27 ms at dump 3000; 64 atoms); 3000 dumps take 42.2 +- 0.1 s vs 0.036 s for dump custom .bin; final XDMF 3.69 MB so ~5.5 GB rewritten; 90 % of CPU samples in libc, 6 % in libhdf5",Long production run with frequent dumps: output time grows quadratically and eventually dominates the run,measured,audit/logs/perf/t4c_io.jsonl (xdmf_growth rows); audit/plots/perf/xdmf_growth.png; audit/logs/perf/profiles/summary.md,Append one Grid per dump (seek before closing tags) or write XDMF once at end; keep the HDF5 file open between dumps,S,n,F-25,perf
PF-03,P1-performance,io/hdf5,src/dump_hdf5.cpp:143-260,"dump hdf5 is 11x faster than text dump custom but 1.5-1.8x slower than the existing binary dump custom (.bin): np1 654 vs 990 MB/s, np4 308 vs 541 MB/s (25k atoms, 51 dumps); throughput drops from 1 to 4 ranks (per-dump collective H5Fopen/close + 6 H5Dcreate); HDF5 file carries ~3.8x metadata overhead at small N",Users switch to HDF5 expecting faster I/O on one node and get slower output than .bin,measured,audit/logs/perf/t4c_io.jsonl,"Keep file open, one extendible dataset per field (H5MD layout) instead of one group per step; benchmark on multi-node Lustre before claiming collective-I/O scalability",M,n,,perf
PF-07,P1-build,build,src/granular_styles.h:105; src/lammps.cpp (single TU instantiating all GRAN_MODEL combos),All pair+wall contact-model instantiations live in lammps.cpp: 44.2 +- 3.0 s and 753 MB RSS for 124 entries vs 3.7 s for 4; this one TU is ~85 % of the 52 s parallel build wall time; ~26 kB text and ~0.33 s compile per combination (binary text 9.84 vs 6.56 MB),Every whitelist change forces a serial ~45 s recompile; larger whitelists (S-10 auto whitelist) scale linearly,measured,audit/scripts/perf/vec/clean/,Split instantiation into one TU per normal model so make -j parallelises it; keep the audited whitelist in git (C-03),S,n,,perf
PF-13,P1-performance,performance,src/pair_gran_base.h,"B5 result: forced inlining of contact-model calls and -fno-math-errno give no Pair speed-up on the 25k bed (inlining 1.09x slower, CI excludes 1); time is dominated by load latency (x[j], contact history, sidata), refuting the PF-05 call-overhead hypothesis. Inlining changes last bits via FMA contraction across the former call boundary",measured,"audit/fixes/phaseC/kernel/REPORT.md, attempts/","Re-scope: either accept an FMA rebaseline (-ffp-contract policy) and then inline, or target load latency with data-layout work (neighbour/history locality, Atom-level sorting)",M,n,,,phaseC
Q-03,P1-build,licensing,src/fix_adapt_liggghts.cpp:1,"All 9 new source files (fix_adapt_liggghts.*, dump_hdf5.*, dump_mesh_hdf5.*, cohesion_model_generalized_adhesion.h, aligned_particle_soa.h, contact_model_crtp_api.h) carry no license/copyright header, unlike every upstream file (GPL-2+ banner + contributing author)",Redistribution of the fork mixes GPL-2+ files with files of unstated license and authorship; downstream packagers/ journals cannot establish provenance,verified by code inspection,grep -c 'GNU|GPL' on each new file = 0,"Add the standard LIGGGHTS GPL-2-or-later banner, a copyright line and 'Contributing author' block to each new file; consider SPDX-License-Identifier: GPL-2.0-or-later",S,n,,quality
Q-05,P1-build,testing,tests/regression/,"Test suite consists of a single regression deck, which does not reach its asserted error (see C-05/P0-04); no unit tests for contact models, no CTest integration, no CI configuration (.github absent)","Every regression found in this audit (C-01, F-02, F-03, C-02) would have shipped undetected; there is no automated gate",measured,ls tests -R; ls .github; audit/04a_build_and_static_checks.md,"Add CTest with (a) contact-level unit harnesses (audit/scripts/contact/ can seed them), (b) Chung & Ooi decks with numeric tolerances, (c) 1/2/4-rank smoke; run in GitHub Actions on every PR",M,n,,quality
S-14,P1-performance,data-layout,src/aligned_particle_soa.h; src/fix_nve.cpp (LIGGGHTS_USE_SOA_NVE hunks); src/velocity.cpp (sync stubs),SoA path copies AoS->SoA->AoS every integrate call (~2x bytes moved); dtf*(1/m) not bitwise equal to dtf/m; only fix nve (not nve/sphere),Enabling -DLIGGGHTS_USE_SOA_NVE is expected to slow integration and change trajectories at ULP level with no benefit [HYPOTHESIS],CODE,"Cabana AoSoA is canonical storage, no copies (https://github.com/ECP-copa/Cabana/wiki/Core-AoSoA); memory.h:149 contiguous double**","Delete ParticleSoA, soa_ member and sync stubs; use LAMMPS dbl3_t flat-cast idiom for SIMD; revisit AoSoA only as full AtomVec redesign",S,n,F-15,sota
P0-06,P1-build,build,src/cMake/Style.cmake:72; src/cMake/Model.cmake:6; src/cMake/Version.cmake:22,"CMake writes generated headers (style_*.h, style_contact_model.h, version_liggghts.h) into the source directory. An out-of-tree build therefore changes src/: it overwrites the Makefile-generated whitelist, and concurrent build trees with different options race on the same files.","Configuring build/ replaces the curated 124-entry src/style_contact_model.h with CMake's 4-entry list, so the next `make hdf5mpi` build silently loses combinations. The audit had to build from snapshot copies to avoid this.",verified by code inspection,src/cMake/Style.cmake; src/cMake/Model.cmake,Generate these files into ${CMAKE_CURRENT_BINARY_DIR} and add that directory to the include path.,S,y,,phase0
P0-08,P1-build,build/numerics,src/CMakeLists.txt:151,"For GCC, CMake unconditionally adds `-O2 -ffast-math ...` to CMAKE_CXX_FLAGS, whatever the build type. The Makefile route (Makefile.mpi, Makefile.hdf5mpi) does not use -ffast-math. CMake and Make binaries therefore differ in floating-point semantics (no NaN/Inf handling, reassociation).",A physics result or golden file made with one build route is not reproducible with the other. A NaN guard (x != x) may be optimized away in CMake builds.,verified by code inspection,audit/logs/build_release.configure.log; compile_commands.json in build_audit/release,"Remove -ffast-math from the defaults, or make it an option. The audit builds add -fno-fast-math.",S,y,,phase0
PF-05,P1-performance,pair kernel,src/normal_model_hertz.h (surfacesIntersect); src/tangential_model_history.h (surfacesIntersect); src/pair_gran_base.h:359,Profile of the pair-dominated bed: NormalModel<HERTZ>::surfacesIntersect (20-23 %) and TangentialModel<HISTORY>::surfacesIntersect (12 %) are out-of-line calls per contact; pair loop not vectorised in either tree ('two or more consecutive inner loops'; 'statement clobbers memory: sqrt' because -fno-fast-math keeps -fmath-errno),Every contact pays two call/return + spills; SIMD impossible,measured (profile/opt-info) + hypothesis (gain),audit/logs/perf/profiles/summary.md; audit/scripts/perf/vec/vecmiss_release_lammps.txt.gz,Try always_inline on surfacesIntersect and -fno-math-errno (not -ffast-math); accept only with bitwise-identical smoke + measured Pair gain; then OpenMP (S-08),S,y,,perf
PF-11,P1-scalability,MPI/decomposition,src/comm.cpp:219-344 (static grid); doc/processors.txt:68-69,[LEGACY] Static decomposition: on a 200k settled bed filling ~55 % of the box the default processors * * * grid (2x2x2 / 2x2x4) leaves half / 8 of 16 ranks with zero particles (Nlocal max/avg 2.00 / 2.87) -> loop 1.82x (8 ranks) and 2.52x (16 ranks) slower than an x-y grid; identical in HEAD,Any hopper/silo/chute/settling case run with the default grid wastes 45-60 % of the allocation; time-varying fills cannot be fixed by a hand-picked grid,measured,audit/logs/perf/t5_imbalance_200k; t5_summary.md,Implement balance/fix balance shift with contact-count weights (S-05); meanwhile document processors * * 1 for beds,M,y,S-05,perf
PF-12,P1-scalability,MPI,src/verlet.cpp:299; src/neighbor.cpp:1473,"Scaling on one shared node (cpus 16-31 = SMT siblings of busy cores): strong 200k speed-up 11.3x on 16 ranks (eff 0.70 mean / 0.59 min-based), weak 12.5k/rank eff 0.84/0.72/0.65/0.49 at 2/4/8/16; Comm 7.5-7.8 % and untimed synchronisation wait ('Other') ~20 % at 16 ranks although Nlocal/Neighs are balanced to 1 %",Wait time is invisible in the timing breakdown (lands in Other) so users misattribute scaling loss,measured (lower bound; node shared),audit/logs/perf/t5_strong_200k; t5_weak_12k; audit/plots/perf/scaling_efficiency.png,Time the per-step collective separately (add a TIME_SYNC category) and re-run on a dedicated node before any MPI optimisation,S,y,,perf
Q-06,P1-build,build-system,src/CMakeLists.txt,"Build is split: HDF5 only via Makefile.hdf5mpi, CMake has no LIGGGHTS_HDF5/SoA options, CMake globs src/ including src/GPU_DEM, writes generated style_*.h into the source tree and forces -ffast-math for GCC",Out-of-tree CMake builds pollute src/; -ffast-math silently changes contact-model rounding and NaN handling (the audit had to add -fno-fast-math); feature set of a binary depends on which build route was used,measured,audit/04a_build_and_static_checks.md §2,"Add CMake options (LIGGGHTS_ENABLE_HDF5, LIGGGHTS_USE_SOA_NVE), CMakePresets.json (release/debug-asan/reldeb), generate style headers into the binary dir, drop -ffast-math by default, exclude src/GPU_DEM unless enabled",M,y,,quality
S-05,P1-scalability,mpi-decomposition,src/comm.h:70-71; doc/processors.txt:68-69,No balance/fix balance; static uniform brick decomposition although Comm has non-uniform xsplit hooks,Hopper/chute/insertion-stream runs at >=16 ranks: most ranks idle while few ranks hold the pile; strong scaling flattens,measured (via PF-11),"LAMMPS src/balance.cpp, fix_balance, imbalance_neigh.cpp (https://docs.lammps.org/fix_balance.html); Eibl & Ruede CPC 244 (2019) 76; audit/logs/perf/t5_imbalance_200k; t5_summary.md",Port LAMMPS balance/fix balance shift style with weights 1+c*npartner(+mesh contacts); verify parallel mesh re-ownership; RCB later; accept on B-1 silo imbalance <1.2,M,y,,sota
S-06,P1-performance,contact-history,src/pair_gran.cpp:259-260; src/fix_contact_history.cpp,History models require newton pair off; ghost pairs computed twice,Small per-rank domains (5-20k particles/rank) spend an estimated 10-30% extra pair time on duplicated ghost contacts [HYPOTHESIS],CODE,LAMMPS fix_neigh_history.cpp:356-486 pre_exchange_newton (https://github.com/lammps/lammps/blob/develop/src/fix_neigh_history.cpp),Port pre_exchange_newton with reverse comm of npartner and history; apply j-side forces/torques under newton; audit per-model history sign; accept CO-1..8 parity + B-1 pair-time,L,y,,sota
S-07,P1-performance,contact-history,"src/neigh_gran.cpp:158-160,405-407,590-593",Linear tag scan of partners during neighbor build; cost never measured,Dense cohesive beds may spend time in scans but likely small at DEM coordination (<=20 partners); risk is investing 2 PM in hash index with no gain,measured (via PF-06),LAMMPS keeps linear scan fix_neigh_history.cpp:684-689; audit/logs/perf/t6_hist_rebuild_every_step; profiles/t6_history,Add npartner/scan counters first; only if >5% of Neigh time implement tag-sorted partner lists + merge-join; do not implement hash map,S,y,,sota
S-08,P1-performance,threading,src/pair_gran_base.h; src/fix_wall_gran.cpp,No OpenMP granular kernels; MPI-only,On many-core nodes users must run one rank per core increasing ghost/comm volume and imbalance; cannot use hybrid MPI+threads,CODE,LAMMPS src/OPENMP/pair_gran_hooke_history_omp.cpp:75-105 (per-thread f/torque arrays + reduce_thr),Add ThrData-style per-thread force/torque buffers and ordered reduction for pair gran and wall/gran; accept B-1 MPIxOMP matrix and bitwise equality for fixed thread count,M,y,,sota
S-09,P1-performance,neighbor,"src/neighbor.cpp:1184-1193,1272-1279",Granular neighbor multi restricted; single max-cutoff bins,Polydisperse systems (size ratio >=5) over-search stencils by up to ~ratio^3 candidates; neigh time dominates,CODE,"LAMMPS neigh_modify collection/type|interval (https://docs.lammps.org/neigh_modify.html); Shire, Hanley & Stratford Comp. Part. Mech. 8 (2021) 653",Port collection-based multi neighbor lists for granular half lists with history; accept B-3 polydisperse variant with identical contact sets,M,y,,sota
S-21,P1-performance,neighbor,src/neighbor.cpp:1474 (ndanger only),Skin chosen manually; no tuning aid,Users pick too-large skin (pair cost) or too-small (frequent rebuilds/dangerous builds) with no feedback,DOC,Yade InsertionSortCollider verletDist/targetInterv (https://yade-dem.org/doc/yade.wrapper.html); Chialvo & Debenedetti CPC 60 (1990) 215,neigh_modify skin auto <target_interval> estimating v_max*dt and end-of-run rebuild stats; accept B-2 time-to-solution vs manual skins,S,y,,sota
C-06,P2-physics,cohesion model,"src/cohesion_model_generalized_adhesion.h:86-111,123","generalized_adhesion implements F = -w*pi*R_eff*deltan for deltan>0 only (verified to 1e-10 N in a 2-type test). This is not JKR/DMT: zero force at deltan=0, no tensile regime, no pull-off/hysteresis. With Hooke it is exactly a stiffness reduction kn -> kn - w*pi*R* (never net-attractive unless w*pi*R*>kn, then unbounded interpenetration). With Hertz the net force is attractive only for deltan < (w*pi*R*/K)^2 with max pull-off 4c^3/(27K^2), c=w*pi*R*. Damping is still computed from the unreduced kn, so the realised e differs from the input e. For F in N the parameter must have units Pa (J/m^3), not J/m^2 as the name 'adhesionEnergy' suggests.","User enters a JKR work of adhesion w = 0.05 J/m^2 for 1 mm glass beads: force ~ 0.05*pi*5e-4*deltan ~ 1e-9 N (no measurable cohesion, no agglomeration), while JKR pull-off 1.5*pi*w*R* ~ 1.2e-4 N. chute_wear_hpc uses adh=15 -> negligible effect.",measured (via V-06),audit/cases/contact/typepair_matrix/log.typepair_generalized_adhesion (formula check); analysis in audit/02a_contact_model_review.md section 6; audit/logs/vv/c06_cohesion_table.md; audit/cases/vv/c06_cohesion/,Rename the parameter (e.g. adhesionStressDensity [Pa]) or re-implement as a documented JKR/DMT family: DMT F=-2*pi*w*R* constant in contact plus an outer range; JKR with pull-off -1.5*pi*w*R* and hysteretic separation at delta_c (Thornton & Ning 1998; LAMMPS pair granular 'jkr'/'dmt'). Add pull-off V&V (request V-06).,M,n,,contact
C-07,P2-physics,cohesion model/nonspherical,"src/cohesion_model_generalized_adhesion.h:76-84,130-147; src/surface_model_superquadric.h:166-182","For superquadrics the model uses the volume-equivalent radius (pair_gran_base.h:268) instead of the curvature-based sidata.reff that the normal models use, and adds no torque about the contact point (normal models add xci x Fn under NONSPHERICAL_ACTIVE_FLAG), so the claim 'valid for superquadric' is not supported.",Elongated superquadric (aspect 3) resting on its flat side: adhesive force acts through the centre instead of the contact point -> missing torque and wrong magnitude (R_vol vs local curvature radius); angular momentum not conserved for off-centre contacts.,verified by code inspection,see file_line,Use sidata.reff when is_non_spherical; add torque = (contact_point - x_i) x F_coh (and for j); add a superquadric pull-off/torque test.,S,n,,contact
C-08,P2-physics,naming/semantics,"src/cohesion_model_easo_capillary_viscous.h:121,127,131,228,356; src/normal_model_thornton_ning.h:98; src/normal_model_edinburgh.h:108; doc/gran_cohesion_easo_capillary_viscous.txt:55,65,112","EASO now reads liquid surface tension from the peratomtypepair property 'surfaceEnergy', the same fix name that thornton_ning and edinburgh read as the solid surface energy gamma_s (JKR/adhesive). Same dimensions (N/m == J/m^2) but different physics; the docs still describe scalar surfaceTension; washino/capillary/viscous still uses scalar surfaceTension. A pair-wise matrix of liquid surface tension is also physically odd (one liquid).",Wet Thornton-Ning simulation (if the combination is whitelisted): setting surfaceEnergy=0.072 for water also sets the solid surface energy of the particles to 0.072 J/m^2 -> spurious JKR adhesion; or the user sets the solid value and gets wrong capillary forces.,verified by code inspection,see file_line,"Name it liquidSurfaceTension (scalar or peratomtypepair), accept legacy surfaceTension as an alias with a deprecation warning, and update doc/gran_cohesion_easo_capillary_viscous.txt.",S,n,,contact
F-04,P2-physics,neighbor,"src/fix_adapt_liggghts.cpp:162-163,216-223; src/neighbor.cpp:1456-1468","Trigger criterion uses growth since the previous application (not cumulative since last build) and ignores displacement; redundant with legacy rhold-aware check_distance when every=1, insufficient when neigh_modify every>1/delay>0/check no",neigh_modify every 10 check yes and growth 0.3*skin per application: accumulated growth + displacement exceeds skin/2 between checks -> missed contacts (dangerous builds),measured (via V-13),src/neighbor.cpp:1456-1468; audit/logs/vv/c10_adapt.json (vv4b_*),"Remove trigger_build() from the fix and rely on check_distance (radvary path), or track cumulative growth since Neighbor::lastcall and test |dx|+dr against skin/2 exactly like check_distance.",S,n,,fixes
F-05,P2-physics,MPI/ghosts,src/fix_adapt_liggghts.cpp:131-178; src/verlet.cpp:299-303,"Radius/rmass changed in pre_force after the step's forward comm: ghosts keep old radius for that step's force evaluation; with newton off the two ranks compute F_ij with different radii (non-antisymmetric), results depend on rank count",Any multi-rank run with fix adapt/liggghts: one-step momentum error at every adapt step for boundary pairs; trajectories differ between 1 and N ranks beyond summation-order effects,measured (via V-14),src/atom_vec_sphere.cpp:106-116; audit/logs/vv/c10_adapt.json (vv5c_*); audit/scripts/vv/c10_vv5c.py,Call comm->forward_comm() (radvary forward packs radius+rmass) at the end of apply(); add a rank-count reproducibility test.,S,n,,fixes
F-07,P2-physics,physics/energy,src/fix_adapt_liggghts.cpp:131-212,"Radius growth injects elastic energy (overlap), mass change at fixed v changes momentum/KE, no Rayleigh/Hertz timestep re-check, no guard for multisphere/rigid bodies",Touching spheres grown by 1 % separate at ~0.1 m/s (KE 1.04e-7 J vs 1.18e-7 J Hertz overlap energy); chute_wear_hpc KE drops 1.1 % at run-2 setup; chute_wear_hpc end state dt ~ 87 % of Rayleigh time,measured,audit/cases/fixes/in.adapt_energy_injection; audit/logs/fixes/adapt_energy_injection.log; examples/.../chute_wear_hpc/log.liggghts (step 1),Document; optionally cap per-step overlap increase; recompute Rayleigh dt when radius/density changes (warn/error); error if fix multisphere/rigid present.,M,n,,fixes
F-09,P2-physics,properties/validation,"src/fix_property_global.cpp:424-440,146; src/global_properties.cpp:494-497,524,547","clamp_value silently clamps literals and variable values (e>1 -> 1, mu<0 -> 0) with no warning; clamp range [0,1] disagrees with registry sanity (0.05,1]; e clamped to 0 gives log(0)=-inf -> betaeff NaN where sanity checks are off","Old deck with coefficientRestitution 1.2 used to error, now silently runs with e=1; variable e decaying to 0 errors only at the next run",verified by code inspection,src/fix_property_global.cpp:424-440,"Error (or at least warning once) instead of silent clamp; align bounds with the model sanity checks (e in (0,1]); never clamp literal input.",S,n,,fixes
F-16,P2-physics,integration/reproducibility,"src/aligned_particle_soa.h:124,152-161,178-184",SoA path is not bit-identical to AoS (dtf*(1/m) vs dtf/m: 24 % of velocity components differ after one step) and takes &vec[0] of an empty vector on ranks with nlocal==0 (UB; aborts with _GLIBCXX_ASSERTIONS),Build with -DLIGGGHTS_USE_SOA_NVE: rank with no atoms aborts under debug STL; trajectories diverge from AoS at ULP level,measured,audit/scripts/fixes/soa_edge_test.cpp; soa_edge_test.out,Use .data(); use division to match legacy if kept; preferably delete (F-15).,S,n,,fixes
F-21,P2-io,io/hdf5,"src/dump_hdf5.cpp:147,258-260,282-307; src/dump_mesh_hdf5.cpp:341,412-414,436-474",With a '*' (multifile) filename every per-file XDMF lists all previously written steps but points them into the current file -> dangling references,dump ... hdf5 10 post/multi_*.h5: multi_30.h5.xdmf references Step_0/10/20 in multi_30.h5 (18 missing refs),measured,audit/cases/fixes/in.hdf5_empty_rank; audit/logs/fixes/hdf5_empty_rank_inspect.out,Store (filename step) pairs and write one temporal XDMF index that references the right file per step.,S,n,,fixes
F-22,P2-io,io/xdmf,src/dump_hdf5.cpp:286-304; src/dump_mesh_hdf5.cpp:441-471,"XDMF DataItems omit NumberType/Precision -> readers default to Float32 (ids >2^24 inexact, positions truncated); Time Value is the timestep index, not simulation time",VTK/ParaView XDMF reader loads id/position/velocity as float32; animations have time axis in steps,measured,audit/scripts/fixes/vtk_read_xdmf.out,"Emit NumberType=""Float"" Precision=""8"" for doubles, NumberType=""Int"" Precision=""8""/""4"" for ids/connectivity; write Time=step*dt (store dt/time as attribute).",S,n,,fixes
F-23,P2-io,io/hdf5,"src/dump_hdf5.cpp:22-32,147-150; src/dump_mesh_hdf5.cpp:341-344","First write of each dump instance truncates the file (no append), so a restarted job destroys earlier output; dump_modify sort/append/precision silently ignored; no type field, no image flags, no thresh/region",Continuing a long chute run from restart with the same dump file name erases previous history,measured (via V-17),src/dump_hdf5.cpp:147-150; audit/logs/vv/c10_hdf5.json (vv13),Support append (open existing file and read existing Step_ groups); reject unsupported dump_modify keywords; add type/image.,M,n,,fixes
F-24,P2-io,io/error-handling,"src/dump_hdf5.cpp:171-256; src/dump_mesh_hdf5.cpp:164-231,352-410","Return values of H5Dcreate/H5Dwrite/H5Sselect_*/H5Pset_chunk/H5Gcreate/H5Fclose are not checked; a failed write (quota, dataset exists) is silent",Disk quota exhausted mid-run: simulation continues with corrupt/truncated HDF5 and no error,verified by code inspection,src/dump_hdf5.cpp:179-181,Check every call and MPI_Allreduce an error flag -> error->all.,S,n,,fixes
F-29,P2-physics,examples,"examples/LIGGGHTS/Tutorials_public/chute_wear_hpc/in.chute_wear_hpc:26-34,79","chute_wear_hpc demonstrates no-op variable properties (F-01), overwrites the particle size distribution with an equal-style radius (monodisperse r=9.96e-5 m at end), shrinks radius 20x so dt reaches ~87 % of the Rayleigh time, and was only run on 1 rank",Users copy the 'HPC' example believing it validates time-dependent contact properties and parallel HDF5,measured,audit/scripts/fixes/inspect_h5.out; examples/.../chute_wear_hpc/log.liggghts,"Rewrite: atom-style radius scaling (r*f(t)) instead of absolute equal-style radius, fix check/timestep/gran, a multi-rank run, and remove v_cor/v_mu until F-01 is fixed.",S,n,,fixes
S-03,P2-physics,fix-adapt,src/fix_adapt_liggghts.cpp:131-176,"Radius growth instantly increases overlap of open contacts; no per-step limit, no timestep re-check, no energy tally",Swelling/growth run injects elastic energy (Hertz dU~E*sqrt(R)*d^1.5*dr) and may violate Rayleigh/Hertz dt as radius grows; particles explode or bed heats artificially without diagnostic,CODE,inspection; LAMMPS fix granular/mdr handles apparent-radius history (https://docs.lammps.org/pair_granular.html),"Add max_growth_per_step keyword, re-run FixCheckTimestepGran after growth, compute_scalar injected energy; V&V V-E3 energy balance within 1%",S,n,F-07,sota
S-04,P2-physics,tangential-model,src/tangential_model_history.h:146-205,History spring projected onto tangent plane without magnitude rescale or rotation with mean spin; displacement-based Mindlin with kt(delta) has no incremental-force/rescale variant,"Rotating contacts (rolling particles, oblique impacts CO-4..CO-8) lose shear-spring magnitude each step; loading/unloading with varying kt can create spurious work (Thornton et al. 2013)",CODE,"LAMMPS gran_sub_mod_tangential.cpp:121-200 rotate_rescale_vec (Luding 2008 eq.17; Thornton 2013 eq.18), :339-474 mindlin/force & mindlin_rescale",Add opt-in 'rescale on' (project+rescale) and incremental-force Mindlin variant; keep legacy default like LAMMPS linear_history_classic; V&V Chung&Ooi CO-4..CO-8 and V-E1,S,n,,sota
S-12,P2-physics,adhesion,src/cohesion_model_generalized_adhesion.h:84-99,generalized_adhesion F=w*pi*R*delta (Hertz area proxy) vanishes at contact; coefficient is a stress but named adhesionEnergy; no JKR/DMT pull-off; no auto type-pair mixing,Users entering surface energy (J/m2) get dimensionally wrong forces; cohesive powders show no pull-off/hysteresis so agglomerate strength is underpredicted vs JKR,CODE,LAMMPS pair granular jkr/dmt (https://docs.lammps.org/pair_granular.html); JKR 1971; DMT 1975; Thornton & Ning 1998; EEPA Thakur 2014,"Rename to adhesionStress (alias), add cohesion jkr/dmt with separation branch, optional mixing keyword for peratomtypepair; V&V V-A1 pull-off within 1%",M,n,C-06,sota
S-15,P2-io,output,src/dump_hdf5.cpp:113-240; src/dump_mesh_hdf5.cpp,"Fixed field set (no type/custom columns), file reopened per dump, /Step_n groups, no compression, no restart","Users cannot write type, f_/c_/v_ fields or contact data to HDF5 and must fall back to text/VTK; files not readable by H5MD tools",CODE,"LAMMPS dump h5md (https://docs.lammps.org/dump_h5md.html), dump custom/adios (https://docs.lammps.org/dump_adios.html); de Buyl CPC 185 (2014) 1546","Reuse DumpCustom column parser, H5MD group layout, persistent handle, optional ADIOS2 backend; V&V V-IO1 equality with dump custom + bandwidth table",M,n,,sota
V-05,P2-physics,physics/properties,"src/fix_property_global.cpp:408-493; src/normal_model_hertz.h:231-238 (kn from current Yeff, no history rescale)","VV-1b measured: doubling youngsModulus (v_ property) while a Hertz contact is open injects exactly dU=(8/15)dY*sqrt(R*)delta^2.5 (2.61799e-6 J vs 2.61800e-6 J predicted, 100% of the initial KE); an elastic collision rebounds with e_out=1.4142. In a single run the change is ignored (F-01 reconfirmed: e_out=1.0000)",Temperature- or moisture-dependent stiffness ramp (the chute_wear_hpc use case) once F-01 is fixed: every update injects elastic energy in all open contacts; today the same happens at every run boundary,measured,audit/cases/vv/c05b_stiffness_switch/; audit/logs/vv/c05b_stiffness_switch.json,Define policy: rescale overlap-dependent state or limit relative change per step; document; add V&V case,M,n,,vv
V-06,P2-physics,cohesion model,src/cohesion_model_generalized_adhesion.h:86-111; src/cohesion_model_sjkr.h:95-103,"Confirms C-06/S-12 and V-07 quantitatively: generalized_adhesion and sjkr force -> 0 as delta->0+ (no tensile pull-off; F=+3.6e-9 N vs JKR 1.5*pi*w*R*=2.36 N for w=1e3); with Hooke the model is a pure stiffness reduction (e_out 0.366 for e_in 0.5 at w*pi*R*=0.5kn, t_c x1.45, both exactly as predicted) and for w*pi*R*>kn (or 2*pi*k*R*>kn for sjkr) particles collapse to full interpenetration (final overlap 2.000 mm = diameter) without any error","User enters a surface energy (J/m2) or a large adhesionEnergy with Hooke: no agglomerate strength at all, or pairs silently fuse",measured,audit/logs/vv/c06_cohesion_table.md; audit/cases/vv/c06_cohesion/,Reject w*pi*R*>=kn (Hooke) at init; implement JKR/DMT with pull-off hysteresis or rename the parameter to a stress; document units,M,n,C-06,vv
V-11,P2-physics,timestep safety,src/fix_check_timestep_gran.cpp:245-252 (Rayleigh from FixPropertyGlobal values) vs Hertz estimate from registry Yeff; src/fix_check_timestep_gran.cpp:170-200 (warn only),"Confirms VV-16/F-29 and extends F-01: check/timestep/gran reads the updated v_ Young's modulus for the Rayleigh estimate (reports 136% after a 83x ramp) but the stale registry Yeff for the Hertz estimate (constant 5.9%), while the force law also uses the stale value; chute_wear_hpc exceeds 20% Rayleigh at t=0.53 s and reaches 88% at t=1 s; all violations are warnings only (default error no); radius changes by fix adapt/liggghts are tracked exactly","Users relying on the check get contradictory estimates after a stiffness ramp, and a showcase deck runs at 88% of the Rayleigh time without stopping",measured,audit/logs/vv/c08_timestep.json; audit/cases/vv/c08_timestep/chute_hpc/log.deck,Use one source (registry after F-01 fix) for both estimates; make error yes the default above e.g. 30%; fix the chute_wear_hpc dt,S,n,,vv
V-13,P2-physics,neighbor,"src/fix_adapt_liggghts.cpp:162-163,216-223","Confirms F-04 by measurement: radius growth of 0.1*skin per application with neigh_modify every 10 check yes misses all 2944 new contacts for 2 steps (KE 0 vs 3.2e-9 J), leaving a permanent -0.15% KE deficit; every 1 is correct; LIGGGHTS reports 1 dangerous build",Swelling/growth runs with neigh_modify every>1 lose contacts between checks,measured,audit/logs/vv/c10_adapt.json (vv4b_*),Accumulate growth since last build and force a rebuild when cumulative growth+displacement > skin/2 (collectively),S,n,F-04,vv
V-16,P2-io,io/xdmf,src/dump_hdf5.cpp:286-304,"Confirms F-22 by measurement: VTK 9.5 vtkXdmfReader reads ids 16777217..16777220 as 16777216, 16777218, 16777220, 16777220 (duplicates) and positions as float32 because DataItems lack NumberType/Precision; HDF5 itself stores exact int64/double","Post-processing by id (tracking, per-particle statistics) in ParaView/VTK silently merges particles above 2^24 ids and loses position precision",measured,audit/logs/vv/c10_hdf5.json (vv11),Write NumberType=Int Precision=8 / NumberType=Float Precision=8 on every DataItem,S,n,F-22,vv
V-17,P2-io,io/hdf5,"src/dump_hdf5.cpp:22-32,147-150",Confirms F-23 by measurement: a restarted job with the same dump hdf5 file name leaves only Step_1000..Step_2000; Step_0..Step_800 of the first job are destroyed without warning,Long campaigns chained by restart lose all earlier output,measured,audit/logs/vv/c10_hdf5.json (vv13),Open in append mode when the file exists (or honour dump_modify append) and refuse to overwrite existing Step groups,S,n,F-23,vv
C-16,P2-physics,tangential history,src/tangential_model_history.h:147-168,"[LEGACY] Frame indifference is only partial: the history is projected onto the current tangent plane each step (:155-158) but not rescaled to keep its magnitude and not rotated with the pair's spin about the normal. The spring is the total form Ft=-kt(delta)*s with kt=8G*sqrt(R*delta) re-evaluated every step (:166), which is non-incremental Mindlin and non-conservative under varying delta.","Elastic oblique impact (e=1, gammat=0): tangential spring energy changes with delta without work -> energy creation/destruction; rebound spin differs from Maw-Barber-Fawcett/Thornton 2013 reference; a sphere pair spinning about the contact normal keeps a lab-fixed spring direction.",measured (via V-03),"Thornton, Cummins & Cleary (2011, 2013); Di Renzo & Di Maio (2004); LAMMPS GRANULAR tangential mindlin (rotate+rescale, incremental option); audit/logs/vv/c02_oblique_table.md; audit/plots/vv/c02_oblique.png","Offer an incremental Mindlin option (dFt = -kt*ds, with the rescale-on-unloading rule of Thornton 2013) and rotate+rescale history (as LAMMPS). Accept by V-02 oblique impact and V-04 energy budget.",M,y,,contact
C-17,P2-physics,tangential history,"src/tangential_model_history.h:179,215-220","[LEGACY] The Coulomb check applies to the spring force only; in the stick branch the damping term is added afterwards, so |Ft| = |kt s + gammat vt| can exceed mu*|Fn|.",High tangential damping + small Fn (grazing contact): transient friction force above the Coulomb limit -> overestimated rebound spin.,verified by code inspection,see file_line,"Cap the total tangential force (LAMMPS GRANULAR does Fscrit on the total, then back-computes the spring).",S,y,,contact
C-18,P2-physics,normal model,src/normal_model_hertz.h:258-261; src/normal_model_hooke.h:289-292 (beta: src/global_properties.cpp:547; gamman: src/normal_model_hertz.h:237),"[LEGACY] Input e is reproduced exactly only with limitForce off (default). With limitForce on the realised restitution is far above input (Hertz and Hooke identical mapping): e_in 0.1->0.253, 0.3->0.397, 0.5->0.550, 0.7->0.718, 0.9->0.902.",User enables limitForce to suppress the tensile artefact and calibrates e=0.3 from drop tests: simulated collisions rebound with e~0.40 (+32%).,measured,"audit/scripts/contact/cor_formulation.py, cor_rk4_check.py; audit/logs/contact_cor_formulation.txt",Document the mapping or re-derive beta(e) for the clamped model (tabulate/invert numerically at init).,S,y,,contact
C-19,P2-physics,cohesion model,"src/cohesion_model_easo_capillary_viscous.h:197,215,303,315","[LEGACY] For walls radj:=radi, so rEff=radi/2 (sphere-plane R* should be radi): the viscous normal/tangential forces against walls are halved. Soulie fit constant C keeps F~0.03-0.06*2piR*gamma at the rupture distance -> force jump at rupture.",Wet particles impacting a wall: viscous dissipation half of the Pitois/Nase prediction.,measured (via V-07),"audit/logs/contact_capillary_compare.txt (Soulie vs Willett table, hypothesis-level); audit/logs/vv/c07_easo_table.md; audit/cases/vv/c07_easo/wall_*",Use R*=radi for walls; optionally switch to Willett (2000) closed form which vanishes smoothly and has published validity limits.,S,y,,contact
C-20,P2-physics,rolling model,src/rolling_model_epsd.h:283-310,"[LEGACY] EPSD rolling-spring history (r_torque_old) is never projected/rotated onto the current tangent plane; with torsionTorque off only the increment is tangential, so after the contact normal rotates the stored torque acquires a spurious torsional component.",Sphere rolling around another sphere (normal rotates 90 deg): stored rolling torque becomes a twisting torque about the new normal.,hypothesis requiring benchmark validation,Ai et al. (2011) model C formulation assumes the spring torque lies in the contact plane,"Project c_history onto the tangent plane (and rescale) each step, as for the tangential spring.",S,y,,contact
C-22,P2-physics,cohesion model,"src/cohesion_model_sjkr.h:95-103; src/style_contact_model.whitelist (HOOKE,TANGENTIAL_NO_HISTORY,COHESION_SJKR,...,SURFACE_SUPERQUADRIC)","[LEGACY] SJKR uses the exact sphere-sphere lens area (2x the Hertz area, measured ratio 1.99) - it is sphere-geometry based, not Hertz based (so it is valid with Hooke for spheres, contrary to report section 13). It is whitelisted with SURFACE_SUPERQUADRIC although the lens formula with centre distance and volume radius is meaningless for non-spheres. Wall branch multiplies by area_ratio twice (:101 and :114; latent, area_ratio==1 in public code).",Superquadric + sjkr: cohesion force computed from centre distance of bounding spheres -> arbitrary force for elongated particles.,measured,audit/cases/contact/typepair_matrix/log.typepair_sjkr (lens area confirmed to 1e-12 N),Error out for is_non_spherical in SJKR; remove the double area_ratio; correct the report's caveat wording.,S,y,,contact
C-23,P2-physics,normal model,"src/normal_model_luding.h:128-139,152-189","[LEGACY] Luding normal: hysteresis (k1/k2) already dissipates energy (e=sqrt(k1/k2) without damping, Luding 2008) but a viscous gamma computed from k1 and ln(e_input) is added on top, so the realised e is below the input e; kt=kn (Luding recommends kt/kn ~ 2/7 for realistic Poisson ratio).",Calibrating e with model luding gives systematically lower restitution than requested.,measured (via V-02),"Luding (2008) Granular Matter 10:235 eqs. for f_hys and e(k1,k2); audit/logs/vv/c01_binary_table.md (Luding section)","Document that coefficientRestitution is the viscous part only, or derive gamma from the target e given k1/k2.",S,y,,contact
K-01,P2-physics,robustness,src/normal_model_edinburgh.h,[LEGACY] edinburgh and edinburgh/stiffness combined with tangential no_history hang when run from the generic parameter set of the tests/kernel model matrix,A deck using model edinburgh tangential no_history with generic material values never finishes (timeout) in lmp_integB; may be a parameter instability rather than a code defect - not isolated,measured,audit/fixes/phaseC/kernel/REPORT.md; tests/kernel model matrix (3 skipped combinations),"Reproduce with documented Edinburgh parameters; if it still hangs, bisect the no_history interaction and add input validation",M,y,,phaseC
P0-15,P2-physics,reproducibility,fix insert/stream (legacy insertion path),"chute_wear gives different trajectories with 1 and 2 MPI ranks: particle 1 has z = 0.0478587 on 1 rank and 0.0523183 on 2 ranks at step 500, and there are 38 vs 37 atoms at step 3000. Baseline and modified builds behave identically, so this is legacy rank-count dependence in insertion, not a regression.",Phase-2 cross-rank reproducibility tests on insertion-driven decks will fail regardless of the modifications and must use create_atoms/read_data initial states.,measured,audit/cases/npdep/*/post/dump500.txt,Document this. Use a rank-independent initial configuration for V&V reproducibility cases.,M,y,,phase0
S-11,P2-physics,wear,src/mesh_module_stress.cpp:306-352 (0.33333 literal at :336),"Only Finnie-type wear (f(gamma)*k*|v|*|F|), zero for pure sliding; no Archard/Oka; no geometry update",chute_wear: sliding/rolling particles on chute produce ~zero wear where abrasion is highest; wear maps misrank locations vs EDEM/Rocky-style Archard,CODE,EDEM Archard/Oka help pages; Rocky wear model (vertex displacement) [VENDOR]; Archard J. Appl. Phys. 24 (1953) 981; Finnie Wear 3 (1960) 87,"Add 'wear archard' (dh=kA*|Ft|*|vt|*dt/A), optional 'oka'; replace 0.33333 by 1/3; later optional mesh vertex displacement; V&V V-W1 exact Archard block, V-W2 Finnie angle sweep",M,y,,sota
S-13,P2-physics,rolling/twisting,src/rolling_model_*.h (no twisting model),No twisting resistance; rolling covers Ai types A and C only,"Spinning/drilling contacts (clumps, superquadrics, shear bands) have no torsional dissipation; spin persists unphysically",CODE,"LAMMPS src/GRANULAR/gran_sub_mod_twisting.cpp (sds, marshall); Ai et al. Powder Technol. 206 (2011) 269",Port twisting sds/marshall as extra model slot; V&V V-R2 spinning sphere decay,S,y,,sota
S-17,P2-physics,integration,src/fix_nve_sphere.cpp; src/pair_gran_base.h,Standard velocity-Verlet evaluates tangential terms with half-step velocities,Bidisperse beds with size ratio >3 lose static friction (piles creep) per Vyas et al. 2024,PAPER,Vyas et al. arXiv:2410.14798; LAMMPS pair granular synchronized_verlet (https://docs.lammps.org/pair_granular.html),Add synchronized_verlet option; V&V V-S2 R=10 static pile,M,y,,sota
S-19,P2-physics,coarse-graining,"src/force.h:74,167-190; error->cg guards in cohesion models",Coarse-graining hooks exist but no public command/scaling implementation,Industrial-scale (1e8+ real particles) runs impossible without external scaling; cohesion models refuse cg,CODE,Bierwisch et al. JMPS 57 (2009) 10; Thakur et al. Powder Technol. 293 (2016) 130; Queteschiner et al. Powder Technol. 338 (2018) 614,Implement coarsegraining command with per-model scaling rules; V&V V-CG1 angle of repose/silo flow invariance,M,y,,sota
V-01,P2-physics,normal model,src/normal_model_hertz.h:258-261; src/normal_model_hooke.h:289-292,"Confirms C-18 in the real code: with limitForce on, recovered e differs from input e (Hertz and Hooke identical): e_in 0.1/0.3/0.5/0.7/0.9 -> 0.2526/0.3971/0.5503/0.7182/0.9020 at dt=tH/1000; limitForce off reproduces e_in within 2.1e-4","User calibrates e=0.3 and switches limitForce on to avoid tensile forces: realised e=0.397 (+32%), silently",measured,audit/logs/vv/c01_binary_table.md; audit/cases/vv/c01_binary/,"Recompute beta for the truncated law (table/ODE inversion) when limitForce is on, or document the mapping and warn",S,y,C-18,vv
V-02,P2-physics,normal model,"src/normal_model_luding.h:128-139,184-189","Confirms C-23 quantitatively: model luding with e_in=0.5 gives e_out=0.55 (kn2k1=1, default limitForce on), 0.449 (kn2k1=2), 0.352 (kn2k1=4); hysteresis and viscous damping stack; code agrees with a fine-step integration of its own law to 1e-4",Luding user sets coefficientRestitution=0.5 and kn2k1=4 expecting e=0.5 (Luding 2008: e=sqrt(k1/k2) without viscosity): gets 0.35,measured,audit/logs/vv/c01_binary_table.md (Luding section),Either drop the viscous term when kn2k1>1 or compute gamma from the residual target e/sqrt(k1/k2); document,S,y,C-23,vv
V-03,P2-physics,tangential history,src/tangential_model_history.h:147-168,"Confirms C-16/S-04 quantitatively: total-form spring Ft=-kt(delta)*s is non-conservative; elastic (e=1) sphere-plane impact with mu=10 (no sliding) gains up to +0.75% energy (theta=80 deg) and loses 19% at 85 deg; an independent fine-step integration of the same law gives the same numbers (model defect, not integration)",Elastic frictional impacts (V-E1 criterion 1e-4) and long-lasting rolling/sticking contacts create or destroy energy; e=1 systems heat up,measured,audit/logs/vv/c02_oblique_table.md; audit/plots/vv/c02_oblique.png,"Add incremental Mindlin (dFt=-kt*ds) or LAMMPS-style mindlin_rescale (scale s by kt_old/kt_new on unloading), Thornton et al. 2013",M,y,C-16,vv
V-07,P2-physics,cohesion model,"src/cohesion_model_easo_capillary_viscous.h:197,215,303,315,401-404","Confirms and corrects C-19: against a mesh wall EASO uses radj:=radi, so the capillary force at contact is 0.44 x sphere-plane theory 4*pi*R*gamma and the lubrication force is 0.25 x (not 0.5 x) 6*pi*eta*R^2*v/S because rEff=R/2 enters squared; pair forces equal the coded Soulie fit to 1e-9 and Reynolds exactly","Wet particles against chute/drum walls: wall adhesion and viscous damping 2-4x too weak -> wrong wall slip, underestimated wall build-up",measured,audit/logs/vv/c07_easo_table.md; audit/cases/vv/c07_easo/wall_*,"For walls use R*=radi, sqrt(ri*rj)->2*radi (sphere-plane limit) in capillary and viscous terms",S,y,C-19,vv
V-08,P2-physics,cohesion model,"src/cohesion_model_easo_capillary_viscous.h:219,403-404; doc/gran_cohesion_easo_capillary_viscous.txt (minSeparationDistanceRatio recommended 1.01)","[LEGACY] Lubrication is disabled at the documented setting: the code clamps the gap as max(minSeparationDistanceRatio, dist/rEff); with the recommended ratio 1.01 (dist/rEff << 1) F_visc = 6*pi*eta*rEff*v/1.01 is gap-independent (1.8831e-7 N at S=5,10,20 um = 1-4% of Reynolds); the contact branch divides by the ratio unconditionally. With ratio=1e-3 the pair force equals Reynolds exactly",Any EASO user following the doc (1.01) gets essentially no viscous (lubrication) damping of approaching/separating wet particles,measured,audit/logs/vv/c07_easo_table.md (viscous sections),Clamp dist/rEff at (minSeparationDistanceRatio-1) or redefine the parameter consistently with maxSeparationDistanceRatio; fix doc,S,y,,vv
C-04,P3-usability,error-handling,"src/pair_gran_proxy.cpp:76,125; src/fix_wall_gran.cpp:176","The new whitelist error does not name the requested combination nor the remedy (baseline warning listed genAutoExamplesWhitelist.sh, style_contact_model_user.whitelist, ENABLE_MODEL_*). The restart path (read_restart_settings) still says only 'unknown contact model' via error->one on every rank.","Old restart file written by a run that used the fallback combination: read_restart aborts with 'unknown contact model' printed by every rank, with no hint that the combination must be whitelisted.",measured,audit/cases/contact/whitelist_fallback/log.lmp_baseline.fallback vs log.lmp_release.fallback,"Print the decoded model names (normal/tangential/cohesion/rolling/surface), the exact GRAN_MODEL(...) line to add, and the file name; use error->all in read_restart_settings (the hash is broadcast so the condition is collective).",S,n,,contact
C-09,P3-usability,input compatibility,src/cohesion_model_easo_capillary_viscous.h:121-139,Old EASO scripts ('fix ... property/global surfaceTension scalar 0.072') now abort with 'Could not locate a fix/property storing value(s) for surfaceEnergy' - no mention of the rename; no alias. (SJKR is fine: user-facing name cohesionEnergyDensity is unchanged; only the internal registry key changed.),Any existing wet-granular deck using easo/capillary/viscous stops at init.,measured,audit/cases/contact/whitelist_fallback/log.lmp_release.easo_old_names vs log.lmp_baseline.easo_old_names,Detect a scalar surfaceTension fix and either convert it to an N x N matrix with a warning or error with 'surfaceTension was renamed to ... (peratomtypepair)'.,S,n,,contact
C-10,P3-usability,code quality,src/cohesion_model_sjkr.h:80-85; src/cohesion_model_easo_capillary_viscous.h:127-139,Redundant checks: the explicit find_fix_property duplicates the lookup already done by createPerTypePairProperty; 'if(!matrix) error->all' is unreachable (connect() either sets the pointer or the lookup already aborted); each registry.max_type() call is an extra MPI_Allreduce (2 per call site).,"None functional (collective, so no deadlock); dead code misleads maintainers into thinking NULL is a reachable state.",verified by code inspection,src/modify_liggghts.cpp:386-415; src/properties.cpp:83-114,"Remove the duplicate lookup and dead NULL checks, or turn them into assert().",S,n,,contact
C-11,P3-usability,equivalence,src/tangential_model_no_history.h:118-126,"Report caveat (sections 8/13/14.2) refuted: at vrel==0 and gammat==0 (also gammat<0, gammat=inf, Fn=0, NaN inputs) old and new return the identical gamma. The rewrite is NOT bitwise identical in general: (a) branch flips within +-4 ulp of the tie Ft_friction==gammat*vrel (4.1-4.5% of tie samples); (b) with -O3 -march=native (FMA contraction, GCC default for C++) 2.8% of random physical samples differ by <=2 ulp; (c) overflow when gammat*vrel > ~1.3e154 or underflow of squares < ~1e-154 selects the unscaled branch (e.g. Coulomb cap not applied at 1e200 N). At -O2 random physical samples are bitwise identical (0/2e7).",Only ULP-level trajectory divergence (chaotic amplification) between HEAD and modified builds; never a physically visible difference in realistic ranges.,measured,"audit/scripts/contact/equiv_harness.cpp; run_equiv.sh; audit/logs/contact_equiv_{O2,O3native,O3native_fma}.txt",Label as 'equivalent up to rounding'. If bitwise identity with HEAD is wanted: 'if (gammat>0 && vrelsq>0) { const double vrel=sqrt(vrelsq); if (Ft_friction < gammat*vrel) gamma = Ft_friction/vrel; }' keeps the sqrt saving at vrel==0 and is identical to HEAD for all finite inputs.,S,n,,contact
C-12,P3-usability,equivalence,"src/tangential_model_history.h:161,175-183","Squared Coulomb check is equivalent in realistic ranges (0 branch mismatches / 0 non-bitwise outputs in 2e7 random physical samples, all flag sets) but flips stick/slide within +-4 ulp of the tie (4.1% of tie samples) and when kt*kt or kt*kt*shrsq under/overflows (denormal kt, |shear|>1e154). A flip changes Ft by the damping term gammat*vt.",Bit-level divergence of trajectories vs HEAD in long dense runs; no systematic physics change.,measured,audit/logs/contact_equiv_*.txt,"Accept; document as non-bitwise. Luding (normal_model_luding.h:135-139), rolling CDT/EPSD/Luding changes and pair_gran_base.h hoisting are bitwise identical (0 differences, all flags).",S,n,,contact
C-13,P3-usability,dead code/API design,src/contact_model_crtp_api.h:1-300,"Included nowhere (dead code). If adopted as-is it is wrong: beta_ is fed from a parameter named coeff_restitution_log (passing ln e instead of beta over-damps 3.2x at e=0.5); no force->nktv2p; 'HertzMindlin' has no Mindlin spring, no history, no Coulomb limit; vtr ignores rotation; forces on ghost j dropped with newton on; no NEIGHMASK; no torques/walls; const double** signature rejects the registry's double** (measured compile error).",A developer wires compute_with_plugin<CONTACT_PLUGIN_HERTZ_MINDLIN> into PairGran: momentum non-conservation across ranks with newton on and frictionless-but-viscous tangential response.,measured,audit/scripts/contact/crtp_compile_check.cpp (compiles only with const_cast; -DTRY_DOUBLE_PTR fails),"Delete it, or move to src/experimental/ with unit tests against ContactModel<GranStyle<HERTZ,...>>. The existing GranStyle templates already give static, inlinable dispatch; a policy-based redesign should follow LAMMPS GRANULAR sub-model classes.",S,n,,contact
F-10,P3-usability,properties/IO,"src/fix_property_global.cpp:114-119,526-556",'every N' accepted without any v_ entry (silent no-op); write() dumps evaluated numbers and loses the v_ binding/every N; no restart record of variable bindings,User writes fix ... youngsModulus peratomtype 5e6 every 100 believing it enables updates; file= output re-read later is static,verified by code inspection,src/fix_property_global.cpp:526-556,Error/warn on every without v_; write v_names and every N back in write().,S,n,,fixes
F-11,P3-usability,memory,"src/fix_property_global.cpp:323-338,225",Latent: matrix grow() changes nvalues without resizing value_variable_names/indices (new) or values_recomputed/array_recomputed (legacy) -> destructor delete[] out of bounds,Any future caller of FixPropertyGlobal::grow() on a matrix -> heap corruption at unfix/exit,verified by code inspection,src/fix_property_global.cpp:323-338,Replace raw arrays with std::vector<std::string>/std::vector<int> sized with nvalues and resize them in grow(); or delete grow() matrix branch (no callers).,S,n,,fixes
F-12,P3-usability,properties,src/fix_property_global.cpp:443-447,"sync_recomputed_values() overwrites the entire values_recomputed on every update, clobbering values other fixes store via get_array_modified()/compute_*_modified",fix heat/gran/conduction with youngsModulusOriginal given as v_ variable: deltan_ratio modifications reset each update,hypothesis requiring benchmark validation,src/fix_heat_gran_conduction.cpp:312,Only copy entries that are variable-driven.,S,n,,fixes
F-14,P3-usability,properties/init-order,src/fix_property_global.cpp:450-472; src/lammps.cpp:676-683,ensure_variable_values_initialized() is reached from registry creators in Force::init before Modify::init; variables referencing c_ computes are evaluated before the compute is initialised,equal-style variable using c_ID (e.g. temperature-dependent friction) -> crash or garbage on the first run,hypothesis requiring benchmark validation,src/lammps.cpp:676-683,Resolve indices only; defer evaluation to FixPropertyGlobal::init()/setup_pre_force; forbid c_ references in init-time evaluation.,S,n,,fixes
F-17,P3-usability,dead-code,"src/velocity.cpp:92-103,341,587,668,689,744; src/velocity.h:88-89",No-op sync_linear/angular_sphere_soa() stubs called from 5 places; zero_rotation() calls the linear instead of the angular stub,None today; misleading scaffolding for future SoA work,verified by code inspection,src/velocity.cpp:744,Remove stubs and calls.,S,n,,fixes
F-19,P3-usability,testing,tests/regression/in.asphere_scheme4_requires_implicit,"Single negative deck with no runner/expected-output check; no tests for v_ properties, every N, fix adapt/liggghts, trigger_build, neighlist/mesh change, dump accessors, dump hdf5/mesh/hdf5",Regressions in any of the reviewed features go unnoticed,verified by code inspection,tests/regression/,Adopt audit/cases/fixes/* as ctest regression cases with numeric pass criteria (see fixes_vv_requests.md).,M,n,Q-05,fixes
F-20,P3-usability,neighbor/mesh,src/fix_neighlist_mesh.cpp:314,"Undocumented semantic change: 'iAtom > nlocal' -> 'iAtom >= nlocal' (first ghost no longer treated as local). Correct off-by-one fix, benign for forces (fix_wall_gran skips iPart>=nlocal) but changes numAllContacts_/ghost nneighs; report calls the file change purely non-semantic",Bitwise A/B vs HEAD may differ in mesh contact statistics,verified by code inspection,src/fix_wall_gran.cpp:906,Document in the modification report as a bug fix.,S,n,,fixes
F-28,P3-usability,examples,examples/LIGGGHTS/Tutorials_public/chute_wear/in.chute_wear:66-76; .../chute_wear/post/.gitignore (deleted); .../chute_wear/postscript,Tutorial now requires the non-default hdf5mpi build (stock binary: 'Invalid dump style'); postscript expects dump*.chute; post/.gitignore placeholder deleted (fresh clone lacks post/ -> H5Fcreate fails); committed chute_particles.h5 is from an older deck (every 200); comment lists wrong fields. Run length 1e5->1e6 is justified (6000 particles at 0.1 kg/s need ~7.5 s) but 10x cost,User runs the tutorial with the default build and it errors; fresh clone errors 'Cannot open parallel HDF5 dump file',measured,examples/LIGGGHTS/Tutorials_public/chute_wear/log.liggghts; audit/scripts/fixes/inspect_h5.out,Keep the VTK/custom dump as default and put HDF5 in a separate deck; restore post/.gitignore (with *.h5 *.xdmf rules); remove generated outputs from the tree.,S,n,,fixes
P0-09,P3-usability,build,src/CMakeLists.txt (no HDF5 option); src/MAKE/Makefile.hdf5mpi,"The CMake build has no HDF5 switch. dump hdf5 and dump mesh/hdf5 are compiled in only when -DLIGGGHTS_HDF5, the HDF5 include path and -lhdf5 are passed by hand. Only the Makefile route (Makefile.hdf5mpi) supports HDF5 out of the box.","A CMake user runs in.chute_wear and gets 'Dump hdf5 requires a parallel HDF5 build', or at HEAD 'Invalid dump style'.",measured,audit/scripts/build_variant.sh (CMAKE_CXX_FLAGS / CMAKE_CXX_STANDARD_LIBRARIES injection),Add option(ENABLE_HDF5) with find_package(HDF5 COMPONENTS C) and a check that HDF5_IS_PARALLEL is set.,S,n,F-26,phase0
P0-16,P3-usability,code quality/warnings,"src/fix_property_global.cpp:81,139; src/fix_adapt_liggghts.cpp:66; src/dump_hdf5.cpp:22,156; src/cohesion_model_generalized_adhesion.h:28,39,63; src/global_properties.cpp:292-1084","-Wall -Wextra -Wshadow -Wconversion at -O2 reports 15 warnings (matched line-insensitively) that are new relative to HEAD, and 2 that were removed: 14 -Wunused-parameter, 5 -Wshadow and 3 -Wconversion (size_t to int from strlen). None of them indicates a functional defect.",No realistic failure. strlen of an input token above 2^31 is not reachable.,measured,audit/logs/warnings_new.txt; warnings_modified.txt; warnings_baseline.txt,Fix these in passing: cast strlen explicitly and mark unused parameters with /*name*/.,S,n,,phase0
P0-17,P3-usability,code quality/static analysis,src/dump_hdf5.cpp:127-130,clang-tidy bugprone-implicit-widening-of-multiplication-result: std::vector<double>(3*nlocal_selected) multiplies in int.,"It overflows only if one rank holds more than about 715 million selected atoms, which is unrealistic.",measured,audit/logs/static/tidy_new.txt,Use 3*static_cast<size_t>(nlocal_selected).,S,n,,phase0
PF-04,P3-usability,measurement,src/pair_gran_base.h:254-430; src/tangential_model_history.h:161-183; src/fix_wall_gran.cpp; src/fix_neighlist_mesh.cpp:300-330,"Micro-optimisations (sqrt avoidance, x[j] hoisting, fix_wall_gran hoisting, checkBin null-check removal, incrementPackedInt) give no measurable whole-run gain vs HEAD: drum loop ratio 0.994 [0.985,1.002], chute 1.020 [0.983,1.057], bed 1.040 [0.92,1.16] (min-ratio 0.988); per-fix wall/gran -3.9 % (drum) vs +6.0 % (chute) (opposite signs); vectorisation reports identical to HEAD",Report section claiming speed-ups from these changes cannot be substantiated; readers may expect gains,measured,audit/logs/perf/t1_*; audit/scripts/perf/vec/,"Stop micro-optimising scalar paths; keep changes only where they fix bugs (fix_wall_gran latent fix_mesh, checkBin >=nlocal); document as neutral",S,n,,perf
PF-09,P3-usability,input,src/fix_adapt_liggghts.cpp:216-223; src/neighbor.cpp:1367-1370,"Credit/neutral: fix adapt/liggghts forced rebuilds are not extra - same build count as legacy fix adapt (4 or 8) and same Neigh time (0.51 +- 0.03 s both), and it avoids the one dangerous build legacy fix adapt produces at growth > skin/2; fix self-cost ~7 us/step for 24k atoms",None (performance); correctness issues remain (F-02 rank-local trigger -> deadlock; F-03 bins/ghost cutoff),measured,audit/logs/perf/t4b_adapt_dr*,Keep; add MPI_Allreduce(MAX) of growth (F-02),S,n,,perf
PF-10,P3-usability,properties,src/fix_property_global.cpp:408-493,v_ properties cost 3.3 us/step with every 1 and 0.36 us/step with every 100 (4 values); ~0.3 us/step is paid on non-evaluation steps; <=0.1 % of a 3 ms step,None today (the values do not reach the models anyway: F-01); re-measure once the registry push is implemented,measured,audit/logs/perf/t4a_propglobal_bed12k,Early-return on non-evaluation steps before any scan; re-benchmark after F-01 fix,S,n,,perf
Q-01,P3-usability,documentation,doc/ (no file),"None of the new user-facing commands is documented: fix adapt/liggghts, dump hdf5, dump mesh/hdf5, cohesion generalized_adhesion, v_ values and 'every N' in fix property/global","A user reading doc/fix_property.txt or doc/Section_commands cannot discover the v_ syntax, units of adhesionEnergy (Pa not J/m2, see C-07), or that fix adapt/liggghts ignores max radius (F-03); grep of doc/ for adapt/liggghts, hdf5, generalized_adhesion returns nothing",verified by code inspection,grep -rli 'adapt/liggghts|hdf5|generalized_adhesion' doc/ -> empty; doc/fix_property.txt has no v_/every,"Add doc/fix_adapt_liggghts.txt, doc/dump_hdf5.txt, doc/gran_cohesion_generalized_adhesion.txt and a v_/every section in doc/fix_property.txt with units, valid ranges and restrictions",S,n,,quality
Q-02,P3-usability,documentation,doc/gran_cohesion_easo_capillary_viscous.txt,EASO doc still describes the removed scalar surfaceTension property; the code now requires peratomtypepair surfaceEnergy (see C-08/C-09),Following the shipped documentation produces an abort at init,verified by code inspection,grep surfaceTension doc/gran_cohesion_easo_capillary_viscous.txt,Update doc and add a deprecation error that names the new property,S,n,,quality
Q-04,P3-usability,repo-hygiene,.gitignore (missing at root),"No top-level .gitignore; build/ (164 MB), generated .h5/.xdmf outputs (~80 MB in chute_wear/post and chute_wear_hpc/post), log.liggghts files and a stray object file h5inspect_chute.o are all untracked-but-not-ignored and appear in git status",A routine 'git add -A' commits ~250 MB of binaries and outputs; the deleted examples/.../chute_wear/post/.gitignore means a fresh clone has no post/ directory (see F-29),verified by code inspection,git status; du -sh build examples/.../post; git check-ignore returns nothing,"Add root .gitignore (build*/, *.o, log.liggghts, *.h5, *.xdmf, examples/**/post/*), restore post/.gitignore placeholder, delete h5inspect_chute.o",S,n,,quality
S-10,P3-usability,contact-dispatch,src/pair_gran_proxy.cpp:76; src/fix_wall_gran.cpp:176; src/style_contact_model.whitelist (124 entries),Removed generic fallback; unlisted combinations hard-error,Existing decks using e.g. hooke+rolling epsd2+sjkr2 now abort at startup; users must regenerate whitelist and recompile,CODE,LAMMPS runtime sub-model composition src/GRANULAR/granular_model.cpp,Restore a correct runtime-composed fallback (virtual per slot) with one-time warning; CMake auto-whitelist from examples/tests; accept V-R1 fallback==static to 1e-14 and <1.5x pair time,M,n,P0-01,sota
S-20,P3-usability,dead-code,src/contact_model_crtp_api.h,CRTP API prototype not included by any source file; duplicates existing template chain,Contributors extend the wrong API; maintenance cost with zero runtime use,CODE,grep -rl contact_model_crtp_api.h src/ returns nothing,Delete or move to docs/design,S,n,C-13,sota
C-21,P3-usability,error-handling,src/tangential_model_history.h:98; src/tangential_model_no_history.h:97; src/cohesion_model_easo_capillary_viscous.h:182,"[LEGACY] 'if (!dissipation_history_offset_)' tests 0 although get_history_offset returns -1 when missing (check never fires, -1 is later used as index). EASO uses error->one for a collective parameter check (every rank prints and aborts).",computeDissipatedEnergy on a wall without the 'dissipation_force' history: writes to contact_history[-1].,verified by code inspection,src/contact_models.cpp:275-281,Test '< 0'; use error->all for collective checks.,S,y,,contact
C-24,P3-usability,memory safety,src/fix_wall_gran.cpp:968,[LEGACY] shapetype branch calls fix_contact->handleContact without the NULL check used at :989.,Shape-type particles against a mesh without contact history (e.g. tangential no_history): NULL dereference.,verified by code inspection,see file_line,Guard with 'if (fix_contact)'.,S,y,,contact
F-31,P3-usability,properties/parsing,src/fix_property_global.cpp:133,[LEGACY] 'if(last_value_arg < 5+darg+nvalues)' is tautologically false; matrix style with zero values (e.g. 'matrix 2 every 5') is accepted silently; no restart support for fix property/global,Malformed input accepted silently,verified by code inspection,src/fix_property_global.cpp:133,Check nvalues >= 1 explicitly.,S,y,,fixes
F-32,P3-usability,properties/output,src/fix.cpp:72; src/thermo.cpp:287; src/variable.cpp:1184,[LEGACY] Fix::global_freq defaults to 0 and FixPropertyGlobal never sets it: thermo f_ID[i][j] (or a variable referencing it) of a property/global -> integer divide by zero (SIGFPE),thermo_style custom ... f_m3[1][1] to monitor a v_-driven property -> crash in Thermo::init,measured,audit/cases/fixes/in.prop_propagation (header note),Set global_freq = 1 (or update_every) in FixPropertyGlobal constructor; guard modulo by zero in thermo/variable.,S,y,,fixes
P0-10,P3-usability,build/provenance,src/cMake/Version.cmake:7-24,"The version banner prints the HEAD commit with no dirty-tree marker. It lists the CMake ENABLE_MODEL_* set ('models: HERTZ ... ROLLING_EPSD2'), not the whitelist that was actually compiled. The modified binaries report the same commit as the baseline.",Logs from the modified and pristine binaries cannot be told apart. The banner claims models that do not match the compiled whitelist.,measured,head -1 of any audit/cases/*/run.out,Use `git describe --dirty --always` and print the number of whitelisted combinations (or its hash).,S,y,,phase0
P0-13,P3-usability,UB/dangling pointer,src/error_special.h:116-126,"generate_message() returns msg.c_str() of a local std::string, which is a dangling pointer. About 20% of the time Error::all/one then prints garbage after the ERROR line.",Observed on the SQ build: after the whitelist error the output contains `dS'M-^\^E (…pair_gran_proxy.cpp:76)`. In the worst case this is an out-of-bounds read inside an error path.,measured,audit/cases/regression/sq_example/run.out,Return std::string by value or hold the message in a member.,S,y,,phase0
P0-14,P3-usability,memory,src/fix_mesh_surface.cpp:270 (MeshModuleStress creator),LeakSanitizer reports that mesh modules created by FixMeshSurface are never freed. The remaining leaks (about 11.5 KB in total) are inside OpenMPI.,A one-off leak at shutdown. It does not affect results.,measured,audit/logs/asan/chute_wear_np1_leaks1.run.out,Delete the mesh modules in the FixMeshSurface destructor.,S,y,,phase0
P0-18,P3-usability,code quality/static analysis,src/utils.h:114;129,"The style-table key is std::pair<std::string,int>, but the contact-model hash is int64_t, so the hash is truncated when the key is built (legacy). Two combinations whose hashes differ only in the upper 32 bits would collide, and addStyle would print 'Style collision'.",No collision is observed with the current 124 entries: no collision warning is printed. It could appear once more models are added.,hypothesis requiring benchmark validation,src/utils.h:113-134,Use int64_t in the key type.,S,y,,phase0
PF-06,P3-usability,history lookup,src/neigh_gran.cpp:590-593; src/fix_contact_history.cpp:305-425,"S-07 measured: with a rebuild EVERY step (worst case, dense 25k bed) history adds +1.6-1.7 ms/build to Neigh (+12-15 %) and +2.4 ms/build in FixContactHistory::pre_exchange; in a normal run (13 builds/2000 steps) the whole transfer is ~0.3-0.5 % of the loop. Not a hotspot; a sorted/hash index is not justified",None (refutes the evaluation report's ranking of a CSR/hash history index as a cheap high-value win),measured,audit/logs/perf/t6_hist_rebuild_every_step; profiles/t6_history,Keep linear scan; revisit only for Z >> 10 (cohesive/polydisperse) with the S-07 counters,S,y,S-07,perf
PF-08,P3-usability,robustness,"src/input_mesh_tri.cpp:121,127,200,207,376",[LEGACY] Running any deck with fix mesh/surface under '-screen none' segfaults in InputMeshTri::meshtrifile (fprintf to NULL screen); same in lmp_baseline,Batch/HPC job scripts that silence the screen crash at mesh read,measured,"reproduce: lmp_baseline -in audit/cases/perf/drum/in.drum -var nsettle 10 -var nsteps 10 -screen none (rc=-11, backtrace InputMeshTri::meshtrifile -> __fprintf_chk)",Guard every fprintf(screen) with if(screen) (as elsewhere in LAMMPS),S,y,,perf
S-16,P3-usability,reproducibility,src/neigh_gran.cpp; src/pair_gran_base.h; src/fix_wall_gran.cpp,No deterministic/reproducible mode; force summation order depends on decomposition,Regression tests across rank counts cannot be bitwise; physics bugs hidden inside chaotic divergence,CODE,Le Grand et al. CPC 184 (2013) 374 (fixed-point); Demmel & Nguyen IEEE TC 64 (2015) 2060; https://docs.lammps.org/Errors_common.html,LIGGGHTS_REPRO build: tag-sorted neighbor lists + int64 fixed-point f/torque accumulation; V&V V-D1 bitwise 1/2/4/8 ranks,M,y,,sota
S-18,P3-usability,verification,tests/regression/ (1 deck),No V&V suite with pass criteria,Every model/dispatch change (e.g. no_history vrel==0 branch) ships unverified; no Chung&Ooi coverage,CODE,MercuryDPM >260 self-tests via CTest (https://bitbucket.org/mercurydpm/mercurydpm); Chung & Ooi GM 13 (2011) 643; Dosta et al. CPC 296 (2024) 109066,"Add tests/vv with CO-1..CO-8, V-* and B-1..B-3 as CTest targets with Python checkers (see 05_sota_comparison.md s4)",M,y,Q-05,sota
S-22,P3-usability,calibration,python/; examples/,"No calibration workflow (DOE/optimisation over angle of repose, drum, shear cell)","Users hand-tune mu, mu_r, e per material; results not reproducible vs commercial calibrated databases",VENDOR,EDEM/Rocky calibration tooling (vendor docs); open benchmark decks Dosta et al. CPC 296 (2024) 109066,Python runner + DOE scripts driving V-S1/B-2 decks with synthetic parameter-recovery test,M,y,,sota
V-04,P3-usability,integration,src/fix_nve_sphere.cpp; src/normal_model_hertz.h:251 (damping uses v at half step),"Damped contacts converge only first order in dt (t_c error 1.6e-6/3.2e-7/5.1e-8 s at tH/50,/200,/1000 for e=0.1; e error 3.8e-3 at tH/50), elastic ones second order; within CO-3 tolerance at dt<=tH/50 but dt/50 is the practical limit for |de|<=0.005 at e<=0.3",Strongly damped materials (e<=0.3) run at dt=tH/20 have |e_out-e_in| of order 1e-2,measured,audit/logs/vv/c01_binary_table.md (convergence section),Document dt<=tH/50 for e<0.5; optional velocity predictor for damping,S,y,,vv
V-09,P3-usability,documentation/units,"src/cohesion_model_easo_capillary_viscous.h:209-214,316-318; doc/gran_cohesion_easo_capillary_viscous.txt","[LEGACY] surfaceLiquidContent behaves as a volume FRACTION (Lian rupture reproduced to 0.1% only under that reading) while the doc says volume %; doc says Vbond=0.05(Vi+Vj), code uses 0.5*Vi*(1-sqrt(1-rj^2/(ri+rj)^2)) (=0.067 Vi for equal spheres)","User enters 1 (meaning 1 %) -> bridge volume 100x too large, rupture distance 4.6x too large",measured,audit/logs/vv/c07_easo_table.md,Fix the doc (or scale by 0.01) and document the bond split,S,y,,vv
V-10,P3-usability,error-handling,src/error.cpp:294-310 (Error::one); src/variable.cpp (peratom2global),[LEGACY] An equal-style variable with an unsupported atom keyword (e.g. radius[1]) evaluated inside fix print aborts through Error::one with no message on screen or in the log (both binaries; message lost before MPI_Abort),User adds a monitoring variable and the job dies silently at step N with only an MPI_ABORT banner,measured,audit/cases/vv/c08_timestep (first attempt); gdb backtrace in 02_physics_verification.md sec. 8,fflush(screen/logfile) before MPI_Abort in Error::one; list supported keywords,S,y,,vv
V-14,P1-correctness,MPI/ghosts,"src/fix_adapt_liggghts.cpp:131-178 (pre_force, nlocal only; ghosts not refreshed)","Confirms F-05 by measurement: non-uniform (atom-style) radius growth with mass held constant conserves momentum to 2.3e-16 on 1 rank but not on 2/4/8 ranks (|dP|/(M vrms)=3.9e-6/4.1e-6/7.7e-6), the error appearing only along the decomposed axes; uniform growth hides the defect (2e-16)","Polydisperse growth/shrink (atom-style variables) on any multi-rank run: non-antisymmetric forces, rank-count-dependent results, momentum drift",measured,audit/logs/vv/c10_adapt.json (vv5c_*); audit/scripts/vv/c10_vv5c.py,forward_comm radius/rmass after apply() (or apply in post_integrate before comm),S,n,F-05,vv
