chute_wear_hpc__in.chute_wear_hpc,COMPLETED,0,.565429410,
chute_wear__in.chute_wear,COMPLETED,0,.544024979,
cohesion__in.cohesion,COMPLETED,0,.541338258,
cohesion__in.noCohesion,COMPLETED,0,.503706106,
contactModels__in.newModels,COMPLETED,0,.499354747,
contactModels__in.oldModels,FAILED,1,.461403175,ERROR: Invalid pair style (/media/storage/LIGGGHTS-PUBLIC-v6/build_audit/fix_hygiene/src_snapshot/src/force.cpp:247)
conveyor__in.conveyor,COMPLETED,0,.469783195,
heatTransfer_1__in.heatGran,COMPLETED,0,.517237910,
heatTransfer_2__in.heatGran,COMPLETED,0,.490747358,
hydrogel_multicontact__in.hydrogel_default,COMPLETED,0,.487073423,
hydrogel_multicontact__in.hydrogel_multicontact,COMPLETED,0,.668106249,
hysteresis__in.hysteresis,COMPLETED,0,.469145286,
hysteresis__in.noHysteresis,COMPLETED,0,.493051680,
insert_stream__in.insert_stream,COMPLETED,0,.481755538,
insert_stream__in.insert_stream_reset_timestep,FAILED,1,.416495577,
meshGran__in.meshGran,COMPLETED,0,.466180934,
mesh_tet__in.mesh_tet,COMPLETED,0,.791536155,
movingMeshGran__in.movingMeshGran,COMPLETED,0,.529687951,
multisphere_stone_restitution__in.multisphere,COMPLETED,0,.843454860,
packing__in.packing,COMPLETED,0,.513643644,
sph_1__in.sph_1,COMPLETED,0,.505143477,
sph_2__in.sph_2,COMPLETED,0,.463520775,
superquadric__in.particle_particle,FAILED,1,.466515292,ERROR: Invalid atom style (/media/storage/LIGGGHTS-PUBLIC-v6/build_audit/fix_hygiene/src_snapshot/src/atom.cpp:459)
