chute_wear_hpc__in.chute_wear_hpc,COMPLETED,0,.559730408,
chute_wear__in.chute_wear,COMPLETED,0,.542764078,
cohesion__in.cohesion,COMPLETED,0,.469891529,
cohesion__in.noCohesion,COMPLETED,0,.446155726,
contactModels__in.newModels,COMPLETED,0,.518410664,
contactModels__in.oldModels,FAILED,1,.484497131,ERROR: Invalid pair style (/media/storage/LIGGGHTS-PUBLIC-v6/build_audit/integ_src/force.cpp:247)
conveyor__in.conveyor,COMPLETED,0,.469113196,
heatTransfer_1__in.heatGran,COMPLETED,0,.479895101,
heatTransfer_2__in.heatGran,COMPLETED,0,.455009808,
hydrogel_multicontact__in.hydrogel_default,COMPLETED,0,.524223490,
hydrogel_multicontact__in.hydrogel_multicontact,COMPLETED,0,.665561847,
hysteresis__in.hysteresis,COMPLETED,0,.459352139,
hysteresis__in.noHysteresis,COMPLETED,0,.488706373,
insert_stream__in.insert_stream,COMPLETED,0,.468510784,
insert_stream__in.insert_stream_reset_timestep,FAILED,1,.391329965,
meshGran__in.meshGran,COMPLETED,0,.436584876,
mesh_tet__in.mesh_tet,COMPLETED,0,.800181074,
movingMeshGran__in.movingMeshGran,COMPLETED,0,.502413397,
multisphere_stone_restitution__in.multisphere,COMPLETED,0,.824019701,
packing__in.packing,COMPLETED,0,.461549990,
sph_1__in.sph_1,COMPLETED,0,.462302154,
sph_2__in.sph_2,COMPLETED,0,.481220312,
superquadric__in.particle_particle,FAILED,1,.447773275,ERROR: Invalid atom style (/media/storage/LIGGGHTS-PUBLIC-v6/build_audit/integ_src/atom.cpp:459)
