chute_wear_hpc__in.chute_wear_hpc,COMPLETED,0,.788325501,
chute_wear__in.chute_wear,COMPLETED,0,.736335542,
cohesion__in.cohesion,COMPLETED,0,.675779572,
cohesion__in.noCohesion,COMPLETED,0,.702337620,
contactModels__in.newModels,COMPLETED,0,.651777197,
contactModels__in.oldModels,FAILED,1,.645410430,ERROR: Invalid pair style (/media/storage/LIGGGHTS-PUBLIC-v6/build_audit/fix_dispatch/src_snapshot/src/force.cpp:247)
conveyor__in.conveyor,COMPLETED,0,.685465036,
heatTransfer_1__in.heatGran,COMPLETED,0,.664300506,
heatTransfer_2__in.heatGran,COMPLETED,0,.784110428,
hydrogel_multicontact__in.hydrogel_default,COMPLETED,0,.703199840,
hydrogel_multicontact__in.hydrogel_multicontact,COMPLETED,0,1.113869898,
hysteresis__in.hysteresis,COMPLETED,0,.680142362,
hysteresis__in.noHysteresis,COMPLETED,0,.631597127,
insert_stream__in.insert_stream,COMPLETED,0,.744768491,
insert_stream__in.insert_stream_reset_timestep,FAILED,1,.559993603,
meshGran__in.meshGran,COMPLETED,0,.679045089,
mesh_tet__in.mesh_tet,COMPLETED,0,1.362378569,
movingMeshGran__in.movingMeshGran,COMPLETED,0,.674982714,
multisphere_stone_restitution__in.multisphere,COMPLETED,0,1.462947176,
packing__in.packing,COMPLETED,0,.624156371,
sph_1__in.sph_1,COMPLETED,0,.743346109,
sph_2__in.sph_2,COMPLETED,0,.693408877,
superquadric__in.particle_particle,FAILED,1,.617980373,ERROR: Invalid atom style (/media/storage/LIGGGHTS-PUBLIC-v6/build_audit/fix_dispatch/src_snapshot/src/atom.cpp:459)
