chute_wear_hpc__in.chute_wear_hpc,COMPLETED,0,.568482428,
chute_wear__in.chute_wear,COMPLETED,0,.542841394,
cohesion__in.cohesion,COMPLETED,0,.469654683,
cohesion__in.noCohesion,COMPLETED,0,.453260910,
contactModels__in.newModels,COMPLETED,0,.512403333,
contactModels__in.oldModels,FAILED,1,.465478053,ERROR: Invalid pair style (/media/storage/LIGGGHTS-PUBLIC-v6/build_audit/fix_dispatch/src_snapshot/src/force.cpp:247)
conveyor__in.conveyor,COMPLETED,0,.490573051,
heatTransfer_1__in.heatGran,COMPLETED,0,.465154134,
heatTransfer_2__in.heatGran,COMPLETED,0,.510882435,
hydrogel_multicontact__in.hydrogel_default,COMPLETED,0,.481357720,
hydrogel_multicontact__in.hydrogel_multicontact,COMPLETED,0,.651077873,
hysteresis__in.hysteresis,COMPLETED,0,.453076373,
hysteresis__in.noHysteresis,COMPLETED,0,.491927597,
insert_stream__in.insert_stream,COMPLETED,0,.477231765,
insert_stream__in.insert_stream_reset_timestep,FAILED,1,.443207224,
meshGran__in.meshGran,COMPLETED,0,.467291632,
mesh_tet__in.mesh_tet,COMPLETED,0,.804311407,
movingMeshGran__in.movingMeshGran,COMPLETED,0,.514671866,
multisphere_stone_restitution__in.multisphere,COMPLETED,0,.760864706,
packing__in.packing,COMPLETED,0,.537655146,
sph_1__in.sph_1,COMPLETED,0,.540055578,
sph_2__in.sph_2,COMPLETED,0,.468707704,
superquadric__in.particle_particle,FAILED,1,.413496159,
