example,deck,contact_models_used,lmp_baseline,lmp_release,lmp_soa,lmp_baseline_cmakedefault,lmp_cmakedefault,first_error
chute_wear,in.chute_wear,model hertz tangential history,FAILED,COMPLETED,COMPLETED,FAILED,WHITELIST_ERROR,ERROR: Invalid dump style (/media/storage/LIGGGHTS-PUBLIC-v6/build_audit/baseline_src/src/output.cpp:634)
chute_wear_hpc,in.chute_wear_hpc,model hertz tangential history cohesion generalized_adhesion,FAILED,COMPLETED,COMPLETED,FAILED,WHITELIST_ERROR,ERROR: Expected floating point parameter in input script or data file (/media/storage/LIGGGHTS-PUBLIC-v6/build_audit/baseline_src/src/fix_pr
cohesion,in.cohesion,model hertz tangential history | model hertz tangential history cohesion sjkr,COMPLETED,COMPLETED,COMPLETED,COMPLETED,WHITELIST_ERROR,ERROR: Granular contact model combination is not compiled into the static contact-model whitelist (/media/storage/LIGGGHTS-PUBLIC-v6/build_a
cohesion,in.noCohesion,model hertz tangential history,COMPLETED,COMPLETED,COMPLETED,COMPLETED,WHITELIST_ERROR,ERROR: Granular contact model combination is not compiled into the static contact-model whitelist (/media/storage/LIGGGHTS-PUBLIC-v6/build_a
contactModels,in.newModels,model hertz tangential history,COMPLETED,COMPLETED,COMPLETED,COMPLETED,WHITELIST_ERROR,ERROR: Granular contact model combination is not compiled into the static contact-model whitelist (/media/storage/LIGGGHTS-PUBLIC-v6/build_a
contactModels,in.oldModels,LEGACY: fix cylwalls all wall/gran | LEGACY: fix zwalls all wall/gran | LEGACY: pair_style gran/hertz/history 266000.0 NULL,FAILED,FAILED,FAILED,FAILED,FAILED,ERROR: Invalid pair style (/media/storage/LIGGGHTS-PUBLIC-v6/build_audit/baseline_src/src/force.cpp:247)
conveyor,in.conveyor,model hertz tangential history,COMPLETED,COMPLETED,COMPLETED,COMPLETED,WHITELIST_ERROR,ERROR: Granular contact model combination is not compiled into the static contact-model whitelist (/media/storage/LIGGGHTS-PUBLIC-v6/build_a
heatTransfer_1,in.heatGran,model hertz tangential history,COMPLETED,COMPLETED,COMPLETED,COMPLETED,WHITELIST_ERROR,ERROR: Granular contact model combination is not compiled into the static contact-model whitelist (/media/storage/LIGGGHTS-PUBLIC-v6/build_a
heatTransfer_2,in.heatGran,model hertz tangential history,COMPLETED,COMPLETED,COMPLETED,COMPLETED,WHITELIST_ERROR,ERROR: Granular contact model combination is not compiled into the static contact-model whitelist (/media/storage/LIGGGHTS-PUBLIC-v6/build_a
hydrogel_multicontact,in.hydrogel_default,model hertz tangential history,COMPLETED,COMPLETED,COMPLETED,COMPLETED,WHITELIST_ERROR,ERROR: Granular contact model combination is not compiled into the static contact-model whitelist (/media/storage/LIGGGHTS-PUBLIC-v6/build_a
hydrogel_multicontact,in.hydrogel_multicontact,model hertz tangential history surface multicontact,COMPLETED,WHITELIST_ERROR,WHITELIST_ERROR,COMPLETED,WHITELIST_ERROR,ERROR: Granular contact model combination is not compiled into the static contact-model whitelist (/media/storage/LIGGGHTS-PUBLIC-v6/build_a
hysteresis,in.hysteresis,model hooke tangential history | model hooke/hysteresis tangential history,COMPLETED,COMPLETED,COMPLETED,COMPLETED,WHITELIST_ERROR,ERROR: Granular contact model combination is not compiled into the static contact-model whitelist (/media/storage/LIGGGHTS-PUBLIC-v6/build_a
hysteresis,in.noHysteresis,model hooke tangential history,COMPLETED,COMPLETED,COMPLETED,COMPLETED,WHITELIST_ERROR,ERROR: Granular contact model combination is not compiled into the static contact-model whitelist (/media/storage/LIGGGHTS-PUBLIC-v6/build_a
insert_stream,in.insert_stream,model hertz tangential history,COMPLETED,COMPLETED,COMPLETED,COMPLETED,WHITELIST_ERROR,ERROR: Granular contact model combination is not compiled into the static contact-model whitelist (/media/storage/LIGGGHTS-PUBLIC-v6/build_a
insert_stream,in.insert_stream_reset_timestep,model hertz tangential history,FAILED,FAILED,FAILED,FAILED,FAILED,
meshGran,in.meshGran,model hooke tangential history,COMPLETED,COMPLETED,COMPLETED,COMPLETED,WHITELIST_ERROR,ERROR: Granular contact model combination is not compiled into the static contact-model whitelist (/media/storage/LIGGGHTS-PUBLIC-v6/build_a
mesh_tet,in.mesh_tet,model hertz tangential history,COMPLETED,COMPLETED,COMPLETED,COMPLETED,WHITELIST_ERROR,ERROR: Granular contact model combination is not compiled into the static contact-model whitelist (/media/storage/LIGGGHTS-PUBLIC-v6/build_a
movingMeshGran,in.movingMeshGran,model hooke tangential history,COMPLETED,COMPLETED,COMPLETED,COMPLETED,WHITELIST_ERROR,ERROR: Granular contact model combination is not compiled into the static contact-model whitelist (/media/storage/LIGGGHTS-PUBLIC-v6/build_a
multisphere_stone_restitution,in.multisphere,model hertz tangential history,COMPLETED,COMPLETED,COMPLETED,COMPLETED,WHITELIST_ERROR,ERROR: Granular contact model combination is not compiled into the static contact-model whitelist (/media/storage/LIGGGHTS-PUBLIC-v6/build_a
packing,in.packing,model hertz tangential history,COMPLETED,COMPLETED,COMPLETED,COMPLETED,WHITELIST_ERROR,ERROR: Granular contact model combination is not compiled into the static contact-model whitelist (/media/storage/LIGGGHTS-PUBLIC-v6/build_a
sph_1,in.sph_1,,COMPLETED,COMPLETED,COMPLETED,COMPLETED,COMPLETED,
sph_2,in.sph_2,,COMPLETED,COMPLETED,COMPLETED,COMPLETED,COMPLETED,
superquadric,in.particle_particle,model hertz tangential history rolling_friction epsd2 surface superquadric,FAILED,FAILED,FAILED,FAILED,FAILED,ERROR: Invalid atom style (/media/storage/LIGGGHTS-PUBLIC-v6/build_audit/baseline_src/src/atom.cpp:459)
