chute_wear_hpc__in.chute_wear_hpc,COMPLETED,0,.429734751,
chute_wear__in.chute_wear,COMPLETED,0,.429962889,
cohesion__in.cohesion,COMPLETED,0,.415370352,
cohesion__in.noCohesion,COMPLETED,0,.398703255,
contactModels__in.newModels,COMPLETED,0,.422897770,
contactModels__in.oldModels,FAILED,1,.385909147,ERROR: Invalid pair style (/media/storage/LIGGGHTS-PUBLIC-v6/build_audit/fix_hdf5/src_snapshot/src/force.cpp:247)
conveyor__in.conveyor,COMPLETED,0,.419370721,
heatTransfer_1__in.heatGran,COMPLETED,0,.401558802,
heatTransfer_2__in.heatGran,COMPLETED,0,.393998191,
hydrogel_multicontact__in.hydrogel_default,COMPLETED,0,.423374587,
hydrogel_multicontact__in.hydrogel_multicontact,COMPLETED,0,.510811602,
hysteresis__in.hysteresis,COMPLETED,0,.400538534,
hysteresis__in.noHysteresis,COMPLETED,0,.383742675,
insert_stream__in.insert_stream,COMPLETED,0,.382868521,
insert_stream__in.insert_stream_reset_timestep,FAILED,1,.324110752,
meshGran__in.meshGran,COMPLETED,0,.401358705,
mesh_tet__in.mesh_tet,COMPLETED,0,.593963051,
movingMeshGran__in.movingMeshGran,COMPLETED,0,.403985964,
multisphere_stone_restitution__in.multisphere,COMPLETED,0,.613939428,
packing__in.packing,COMPLETED,0,.397209116,
sph_1__in.sph_1,COMPLETED,0,.396840012,
sph_2__in.sph_2,COMPLETED,0,.391834925,
superquadric__in.particle_particle,FAILED,1,.379594338,ERROR: Invalid atom style (/media/storage/LIGGGHTS-PUBLIC-v6/build_audit/fix_hdf5/src_snapshot/src/atom.cpp:459)
