id,severity,category,file_line,summary,failure_scenario,evidence_label,evidence_ref,recommendation,effort,legacy
V-01,P2-physics,normal model,src/normal_model_hertz.h:258-261; src/normal_model_hooke.h:289-292,"Confirms C-18 in the real code: with limitForce on, recovered e differs from input e (Hertz and Hooke identical): e_in 0.1/0.3/0.5/0.7/0.9 -> 0.2526/0.3971/0.5503/0.7182/0.9020 at dt=tH/1000; limitForce off reproduces e_in within 2.1e-4","User calibrates e=0.3 and switches limitForce on to avoid tensile forces: realised e=0.397 (+32%), silently",measured,audit/logs/vv/c01_binary_table.md; audit/cases/vv/c01_binary/,"Recompute beta for the truncated law (table/ODE inversion) when limitForce is on, or document the mapping and warn",S,y
V-02,P2-physics,normal model,"src/normal_model_luding.h:128-139,184-189","Confirms C-23 quantitatively: model luding with e_in=0.5 gives e_out=0.55 (kn2k1=1, default limitForce on), 0.449 (kn2k1=2), 0.352 (kn2k1=4); hysteresis and viscous damping stack; code agrees with a fine-step integration of its own law to 1e-4",Luding user sets coefficientRestitution=0.5 and kn2k1=4 expecting e=0.5 (Luding 2008: e=sqrt(k1/k2) without viscosity): gets 0.35,measured,audit/logs/vv/c01_binary_table.md (Luding section),Either drop the viscous term when kn2k1>1 or compute gamma from the residual target e/sqrt(k1/k2); document,S,y
V-03,P2-physics,tangential history,src/tangential_model_history.h:147-168,"Confirms C-16/S-04 quantitatively: total-form spring Ft=-kt(delta)*s is non-conservative; elastic (e=1) sphere-plane impact with mu=10 (no sliding) gains up to +0.75% energy (theta=80 deg) and loses 19% at 85 deg; an independent fine-step integration of the same law gives the same numbers (model defect, not integration)",Elastic frictional impacts (V-E1 criterion 1e-4) and long-lasting rolling/sticking contacts create or destroy energy; e=1 systems heat up,measured,audit/logs/vv/c02_oblique_table.md; audit/plots/vv/c02_oblique.png,"Add incremental Mindlin (dFt=-kt*ds) or LAMMPS-style mindlin_rescale (scale s by kt_old/kt_new on unloading), Thornton et al. 2013",M,y
V-04,P3-usability,integration,src/fix_nve_sphere.cpp; src/normal_model_hertz.h:251 (damping uses v at half step),"Damped contacts converge only first order in dt (t_c error 1.6e-6/3.2e-7/5.1e-8 s at tH/50,/200,/1000 for e=0.1; e error 3.8e-3 at tH/50), elastic ones second order; within CO-3 tolerance at dt<=tH/50 but dt/50 is the practical limit for |de|<=0.005 at e<=0.3",Strongly damped materials (e<=0.3) run at dt=tH/20 have |e_out-e_in| of order 1e-2,measured,audit/logs/vv/c01_binary_table.md (convergence section),Document dt<=tH/50 for e<0.5; optional velocity predictor for damping,S,y
V-05,P2-physics,physics/properties,"src/fix_property_global.cpp:408-493; src/normal_model_hertz.h:231-238 (kn from current Yeff, no history rescale)","VV-1b measured: doubling youngsModulus (v_ property) while a Hertz contact is open injects exactly dU=(8/15)dY*sqrt(R*)delta^2.5 (2.61799e-6 J vs 2.61800e-6 J predicted, 100% of the initial KE); an elastic collision rebounds with e_out=1.4142. In a single run the change is ignored (F-01 reconfirmed: e_out=1.0000)",Temperature- or moisture-dependent stiffness ramp (the chute_wear_hpc use case) once F-01 is fixed: every update injects elastic energy in all open contacts; today the same happens at every run boundary,measured,audit/cases/vv/c05b_stiffness_switch/; audit/logs/vv/c05b_stiffness_switch.json,Define policy: rescale overlap-dependent state or limit relative change per step; document; add V&V case,M,n
V-06,P2-physics,cohesion model,src/cohesion_model_generalized_adhesion.h:86-111; src/cohesion_model_sjkr.h:95-103,"Confirms C-06/S-12 and V-07 quantitatively: generalized_adhesion and sjkr force -> 0 as delta->0+ (no tensile pull-off; F=+3.6e-9 N vs JKR 1.5*pi*w*R*=2.36 N for w=1e3); with Hooke the model is a pure stiffness reduction (e_out 0.366 for e_in 0.5 at w*pi*R*=0.5kn, t_c x1.45, both exactly as predicted) and for w*pi*R*>kn (or 2*pi*k*R*>kn for sjkr) particles collapse to full interpenetration (final overlap 2.000 mm = diameter) without any error","User enters a surface energy (J/m2) or a large adhesionEnergy with Hooke: no agglomerate strength at all, or pairs silently fuse",measured,audit/logs/vv/c06_cohesion_table.md; audit/cases/vv/c06_cohesion/,Reject w*pi*R*>=kn (Hooke) at init; implement JKR/DMT with pull-off hysteresis or rename the parameter to a stress; document units,M,n
V-07,P2-physics,cohesion model,"src/cohesion_model_easo_capillary_viscous.h:197,215,303,315,401-404","Confirms and corrects C-19: against a mesh wall EASO uses radj:=radi, so the capillary force at contact is 0.44 x sphere-plane theory 4*pi*R*gamma and the lubrication force is 0.25 x (not 0.5 x) 6*pi*eta*R^2*v/S because rEff=R/2 enters squared; pair forces equal the coded Soulie fit to 1e-9 and Reynolds exactly","Wet particles against chute/drum walls: wall adhesion and viscous damping 2-4x too weak -> wrong wall slip, underestimated wall build-up",measured,audit/logs/vv/c07_easo_table.md; audit/cases/vv/c07_easo/wall_*,"For walls use R*=radi, sqrt(ri*rj)->2*radi (sphere-plane limit) in capillary and viscous terms",S,y
V-08,P2-physics,cohesion model,"src/cohesion_model_easo_capillary_viscous.h:219,403-404; doc/gran_cohesion_easo_capillary_viscous.txt (minSeparationDistanceRatio recommended 1.01)","[LEGACY] Lubrication is disabled at the documented setting: the code clamps the gap as max(minSeparationDistanceRatio, dist/rEff); with the recommended ratio 1.01 (dist/rEff << 1) F_visc = 6*pi*eta*rEff*v/1.01 is gap-independent (1.8831e-7 N at S=5,10,20 um = 1-4% of Reynolds); the contact branch divides by the ratio unconditionally. With ratio=1e-3 the pair force equals Reynolds exactly",Any EASO user following the doc (1.01) gets essentially no viscous (lubrication) damping of approaching/separating wet particles,measured,audit/logs/vv/c07_easo_table.md (viscous sections),Clamp dist/rEff at (minSeparationDistanceRatio-1) or redefine the parameter consistently with maxSeparationDistanceRatio; fix doc,S,y
V-09,P3-usability,documentation/units,"src/cohesion_model_easo_capillary_viscous.h:209-214,316-318; doc/gran_cohesion_easo_capillary_viscous.txt","[LEGACY] surfaceLiquidContent behaves as a volume FRACTION (Lian rupture reproduced to 0.1% only under that reading) while the doc says volume %; doc says Vbond=0.05(Vi+Vj), code uses 0.5*Vi*(1-sqrt(1-rj^2/(ri+rj)^2)) (=0.067 Vi for equal spheres)","User enters 1 (meaning 1 %) -> bridge volume 100x too large, rupture distance 4.6x too large",measured,audit/logs/vv/c07_easo_table.md,Fix the doc (or scale by 0.01) and document the bond split,S,y
V-10,P3-usability,error-handling,src/error.cpp:294-310 (Error::one); src/variable.cpp (peratom2global),[LEGACY] An equal-style variable with an unsupported atom keyword (e.g. radius[1]) evaluated inside fix print aborts through Error::one with no message on screen or in the log (both binaries; message lost before MPI_Abort),User adds a monitoring variable and the job dies silently at step N with only an MPI_ABORT banner,measured,audit/cases/vv/c08_timestep (first attempt); gdb backtrace in 02_physics_verification.md sec. 8,fflush(screen/logfile) before MPI_Abort in Error::one; list supported keywords,S,y
V-11,P2-physics,timestep safety,src/fix_check_timestep_gran.cpp:245-252 (Rayleigh from FixPropertyGlobal values) vs Hertz estimate from registry Yeff; src/fix_check_timestep_gran.cpp:170-200 (warn only),"Confirms VV-16/F-29 and extends F-01: check/timestep/gran reads the updated v_ Young's modulus for the Rayleigh estimate (reports 136% after a 83x ramp) but the stale registry Yeff for the Hertz estimate (constant 5.9%), while the force law also uses the stale value; chute_wear_hpc exceeds 20% Rayleigh at t=0.53 s and reaches 88% at t=1 s; all violations are warnings only (default error no); radius changes by fix adapt/liggghts are tracked exactly","Users relying on the check get contradictory estimates after a stiffness ramp, and a showcase deck runs at 88% of the Rayleigh time without stopping",measured,audit/logs/vv/c08_timestep.json; audit/cases/vv/c08_timestep/chute_hpc/log.deck,Use one source (registry after F-01 fix) for both estimates; make error yes the default above e.g. 30%; fix the chute_wear_hpc dt,S,n
V-12,P0-correctness,rolling model,"src/rolling_model_luding.h:241,269,315-316,358-362","Confirms C-14 (torque) and C-15 (memory) by measurement: with torsion on, a pure rolling spin loses the rolling dashpot torque (0.2550 vs 0.2575 Tmax before saturation); combined rolling+twist is limited jointly to |T|=1.000 Tmax instead of sqrt(2) Tmax (each component 29% low) because both springs share history slots; ASan reports heap-buffer-overflow at rolling_model_luding.h:315 (contact_history[-1]) for tangential no_history and history; release = baseline (legacy)",Any HOOKE*/ROLLING_LUDING simulation: wrong rolling/twisting resistance and undefined behaviour (garbage kc/f_adh in the Coulomb limit depending on heap layout),measured,audit/logs/vv/c10_rolling_luding.json; audit/cases/vv/c10_rolling_luding/asan_*/out.deck,Use r_tor_torque and history_offset+3 in calcTorTorque; guard kc_offset/fo_offset (0 if absent); remove ROLLING_LUDING whitelist entries until fixed,S,y
V-13,P2-physics,neighbor,"src/fix_adapt_liggghts.cpp:162-163,216-223","Confirms F-04 by measurement: radius growth of 0.1*skin per application with neigh_modify every 10 check yes misses all 2944 new contacts for 2 steps (KE 0 vs 3.2e-9 J), leaving a permanent -0.15% KE deficit; every 1 is correct; LIGGGHTS reports 1 dangerous build",Swelling/growth runs with neigh_modify every>1 lose contacts between checks,measured,audit/logs/vv/c10_adapt.json (vv4b_*),Accumulate growth since last build and force a rebuild when cumulative growth+displacement > skin/2 (collectively),S,n
V-14,P1-correctness,MPI/ghosts,"src/fix_adapt_liggghts.cpp:131-178 (pre_force, nlocal only; ghosts not refreshed)","Confirms F-05 by measurement: non-uniform (atom-style) radius growth with mass held constant conserves momentum to 2.3e-16 on 1 rank but not on 2/4/8 ranks (|dP|/(M vrms)=3.9e-6/4.1e-6/7.7e-6), the error appearing only along the decomposed axes; uniform growth hides the defect (2e-16)","Polydisperse growth/shrink (atom-style variables) on any multi-rank run: non-antisymmetric forces, rank-count-dependent results, momentum drift",measured,audit/logs/vv/c10_adapt.json (vv5c_*); audit/scripts/vv/c10_vv5c.py,forward_comm radius/rmass after apply() (or apply in post_integrate before comm),S,n
V-15,P0-correctness,physics/nonspherical,src/fix_adapt_liggghts.cpp:187-198,"Confirms F-06 by measurement: a no-op fix adapt/liggghts radius on a free superquadric (blockiness 8, a=b=c=1 mm) raises omega from 10 to 15.597 rad/s (x1.56 = I_true/I_ellipsoid, predicted 1.556) at constant angular momentum","Any superquadric run with fix adapt/liggghts: spin, rotational energy and all torque-driven dynamics wrong by up to ~60%",measured,audit/logs/vv/c10_vv7_sq.json,Rescale the stored inertia by (scale^2 * mass ratio) instead of recomputing with the ellipsoid formula,S,n
V-16,P2-io,io/xdmf,src/dump_hdf5.cpp:286-304,"Confirms F-22 by measurement: VTK 9.5 vtkXdmfReader reads ids 16777217..16777220 as 16777216, 16777218, 16777220, 16777220 (duplicates) and positions as float32 because DataItems lack NumberType/Precision; HDF5 itself stores exact int64/double","Post-processing by id (tracking, per-particle statistics) in ParaView/VTK silently merges particles above 2^24 ids and loses position precision",measured,audit/logs/vv/c10_hdf5.json (vv11),Write NumberType=Int Precision=8 / NumberType=Float Precision=8 on every DataItem,S,n
V-17,P2-io,io/hdf5,"src/dump_hdf5.cpp:22-32,147-150",Confirms F-23 by measurement: a restarted job with the same dump hdf5 file name leaves only Step_1000..Step_2000; Step_0..Step_800 of the first job are destroyed without warning,Long campaigns chained by restart lose all earlier output,measured,audit/logs/vv/c10_hdf5.json (vv13),Open in append mode when the file exists (or honour dump_modify append) and refuse to overwrite existing Step groups,S,n
